EmployeeNumber,Age,Attrition,BusinessTravel,DailyRate,Department,DistanceFromHome,EducationField,EmployeeCount,Gender,HourlyRate,JobLevel,JobRole,MaritialStatus,MonthlyIncome,MonthlyRate,NumCompaniesWorked,Over18,OverTime,PercentSalaryHike,StandardHours,StockOptionLevel,TotalWorkingYears,TrainingTimesLastYear,YearsAtCompany,YearsInCurrentRole,YearsSinceLastPromotion,YearsWithCurrManager,JobCategory,Education_Text,EnvironmentSat_Text,JobInvolvement_Text,JobSatisfaction_Text,PerformanceRating_Text,RelationshipSat_Text,WorkLifeBalance_Text
1,41,Yes,Travel_Rarely,1102,Sales,1,Life Sciences,1,Female,94,2,Sales Executive,Single,5993,19479,8,Y,Yes,11,80,0,8,0,6,4,0,5,Non-Tech,College,Medium,High,Very High,Excellent,Low,Bad
27,36,Yes,Travel_Rarely,1218,Sales,9,Life Sciences,1,Male,82,1,Sales Representative,Single,3407,6986,7,Y,No,23,80,0,10,4,5,3,0,3,Non-Tech,Master,High,Medium,Low,Outstandingß,Medium,Better
35,42,No,Travel_Rarely,691,Sales,8,Marketing,1,Male,48,2,Sales Executive,Married,6825,21173,0,Y,No,11,80,1,10,2,9,7,4,2,Non-Tech,Master,High,High,Medium,Excellent,Very High,Better
42,39,Yes,Travel_Rarely,895,Sales,5,Technical Degree,1,Male,56,2,Sales Representative,Married,2086,3335,3,Y,No,14,80,1,19,6,1,0,0,0,Non-Tech,Bachelor,Very High,High,Very High,Excellent,High,Bestß
47,50,Yes,Travel_Rarely,869,Sales,3,Marketing,1,Male,86,1,Sales Representative,Married,2683,3810,1,Y,Yes,14,80,0,3,2,3,2,0,2,Non-Tech,College,Low,Medium,High,Excellent,High,Better
49,35,No,Travel_Rarely,890,Sales,2,Marketing,1,Female,97,1,Sales Representative,Married,2014,9687,1,Y,No,13,80,0,2,3,2,2,2,2,Non-Tech,Bachelor,Very High,High,Very High,Excellent,Low,Better
52,33,No,Travel_Frequently,1141,Sales,1,Life Sciences,1,Female,42,2,Sales Executive,Married,5376,3193,2,Y,No,19,80,2,10,3,5,3,1,3,Non-Tech,Bachelor,High,Very High,Low,Excellent,Low,Better
56,27,No,Travel_Frequently,994,Sales,8,Life Sciences,1,Male,37,3,Sales Executive,Single,8726,2975,1,Y,No,15,80,0,9,0,9,8,1,7,Non-Tech,Bachelor,Very High,High,High,Excellent,Very High,Better
60,34,No,Non-Travel,1065,Sales,23,Marketing,1,Male,72,2,Sales Executive,Single,4568,10034,0,Y,No,20,80,0,10,2,9,5,8,7,Non-Tech,Master,Medium,High,High,Outstandingß,High,Better
62,46,No,Travel_Frequently,1211,Sales,5,Marketing,1,Male,98,2,Sales Executive,Single,5772,20445,4,Y,Yes,21,80,0,14,4,9,6,0,8,Non-Tech,Master,Low,High,Very High,Outstandingß,High,Better
68,44,No,Travel_Rarely,1488,Sales,1,Marketing,1,Female,75,2,Sales Executive,Divorced,5454,4009,5,Y,Yes,21,80,1,9,2,4,3,1,3,Non-Tech,Doctor,Medium,High,Low,Outstandingß,High,Good
72,26,No,Travel_Rarely,1443,Sales,23,Marketing,1,Female,47,2,Sales Executive,Married,4157,21436,7,Y,Yes,19,80,1,5,2,2,2,0,0,Non-Tech,Bachelor,High,Medium,Very High,Excellent,High,Good
74,35,No,Travel_Frequently,853,Sales,18,Life Sciences,1,Male,71,3,Sales Executive,Married,9069,11031,1,Y,No,22,80,1,9,3,9,8,1,8,Non-Tech,Doctor,Medium,High,Low,Outstandingß,Very High,Good
81,59,No,Travel_Rarely,1435,Sales,25,Life Sciences,1,Female,99,3,Sales Executive,Single,7637,2354,7,Y,No,11,80,0,28,3,21,16,7,9,Non-Tech,Bachelor,Low,High,Low,Excellent,Very High,Good
91,59,No,Travel_Frequently,1225,Sales,1,Life Sciences,1,Female,57,2,Sales Executive,Single,5473,24668,7,Y,No,11,80,0,20,2,4,3,1,3,Non-Tech,Below College,Low,Medium,High,Excellent,Very High,Good
100,35,No,Travel_Rarely,776,Sales,1,Marketing,1,Male,32,2,Sales Executive,Single,4312,23016,0,Y,No,14,80,0,16,2,15,13,2,8,Non-Tech,Master,High,Medium,Low,Excellent,Medium,Better
103,46,No,Travel_Rarely,945,Human Resources,5,Medical,1,Male,80,2,Human Resources,Divorced,5021,10425,8,Y,Yes,22,80,1,16,2,4,2,0,2,Non-Tech,College,Medium,High,Medium,Outstandingß,Very High,Better
106,55,No,Travel_Rarely,111,Sales,1,Life Sciences,1,Male,70,3,Sales Executive,Married,10239,18092,3,Y,No,14,80,1,24,4,1,0,1,0,Non-Tech,College,Low,High,Very High,Excellent,Very High,Better
113,23,No,Travel_Rarely,541,Sales,2,Technical Degree,1,Male,62,1,Sales Representative,Divorced,2322,9518,3,Y,No,13,80,1,3,3,0,0,0,0,Non-Tech,Below College,High,High,Low,Excellent,High,Better
118,46,Yes,Travel_Rarely,669,Sales,9,Medical,1,Male,64,3,Sales Executive,Single,9619,13596,1,Y,No,16,80,0,9,3,9,8,4,7,Non-Tech,College,High,Medium,Very High,Excellent,Very High,Better
120,51,No,Travel_Rarely,632,Sales,21,Marketing,1,Male,71,2,Sales Executive,Single,5441,8423,0,Y,Yes,22,80,0,11,2,10,7,1,0,Non-Tech,Master,High,High,Very High,Outstandingß,Very High,Bad
121,30,No,Travel_Rarely,1334,Sales,4,Medical,1,Female,63,2,Sales Executive,Divorced,5209,19760,1,Y,Yes,12,80,3,11,4,11,8,2,7,Non-Tech,College,High,Medium,Medium,Excellent,Medium,Good
125,32,No,Travel_Rarely,1093,Sales,6,Medical,1,Male,87,2,Sales Executive,Single,5010,24301,1,Y,No,16,80,0,12,0,11,8,5,7,Non-Tech,Master,Medium,High,High,Excellent,Low,Better
128,24,No,Travel_Rarely,1353,Sales,3,Other,1,Female,33,2,Sales Executive,Married,4999,17519,0,Y,No,21,80,1,4,2,3,2,0,2,Non-Tech,College,Low,High,High,Outstandingß,Low,Good
129,28,No,Non-Travel,120,Sales,4,Medical,1,Male,43,2,Sales Executive,Married,4221,8863,1,Y,No,15,80,0,5,3,5,4,0,4,Non-Tech,Bachelor,Medium,High,High,Excellent,Medium,Bestß
131,58,No,Travel_Rarely,682,Sales,10,Medical,1,Male,37,4,Sales Executive,Single,13872,24409,0,Y,No,13,80,0,38,1,37,10,1,8,Non-Tech,Master,Very High,High,High,Excellent,High,Good
133,37,Yes,Travel_Rarely,807,Human Resources,6,Human Resources,1,Male,63,1,Human Resources,Divorced,2073,23648,4,Y,Yes,22,80,0,7,3,3,2,0,2,Non-Tech,Master,High,High,Low,Outstandingß,Very High,Better
142,25,Yes,Travel_Rarely,240,Sales,5,Marketing,1,Male,46,2,Sales Executive,Single,5744,26959,1,Y,Yes,11,80,0,6,1,6,4,0,3,Non-Tech,Bachelor,High,Medium,High,Excellent,Very High,Better
152,37,No,Travel_Rarely,1189,Sales,3,Life Sciences,1,Male,87,3,Sales Executive,Single,7428,14506,2,Y,No,12,80,0,12,3,5,3,1,3,Non-Tech,Bachelor,High,High,Very High,Excellent,Low,Better
154,36,No,Travel_Frequently,1467,Sales,11,Technical Degree,1,Female,92,3,Sales Executive,Married,9738,22952,0,Y,No,14,80,1,10,6,9,7,2,8,Non-Tech,College,Medium,High,Very High,Excellent,High,Better
160,33,No,Non-Travel,750,Sales,22,Marketing,1,Male,95,2,Sales Executive,Married,6146,15480,0,Y,No,13,80,1,8,2,7,7,0,7,Non-Tech,College,High,High,Medium,Excellent,Low,Bestß
163,31,Yes,Travel_Rarely,249,Sales,6,Life Sciences,1,Male,76,2,Sales Executive,Married,6172,20739,4,Y,Yes,18,80,0,12,3,7,7,7,7,Non-Tech,Master,Medium,Low,High,Excellent,Medium,Good
167,19,Yes,Travel_Rarely,528,Sales,22,Marketing,1,Male,50,1,Sales Representative,Single,1675,26820,1,Y,Yes,19,80,0,0,2,0,0,0,0,Non-Tech,Below College,Very High,High,High,Excellent,Very High,Good
174,50,No,Travel_Frequently,809,Sales,12,Marketing,1,Female,77,3,Sales Executive,Single,9208,6645,4,Y,No,11,80,0,16,3,2,2,2,1,Non-Tech,Bachelor,High,High,Very High,Excellent,Very High,Better
175,31,Yes,Travel_Rarely,542,Sales,20,Life Sciences,1,Female,71,2,Sales Executive,Married,4559,24788,3,Y,Yes,11,80,1,4,2,2,2,2,2,Non-Tech,Bachelor,Medium,Low,High,Excellent,High,Better
176,41,No,Travel_Rarely,802,Sales,9,Life Sciences,1,Male,96,3,Sales Executive,Divorced,8189,21196,3,Y,Yes,13,80,1,12,2,9,7,0,7,Non-Tech,Below College,High,High,High,Excellent,High,Better
177,26,No,Travel_Rarely,1355,Human Resources,25,Life Sciences,1,Female,61,1,Human Resources,Married,2942,8916,1,Y,No,23,80,1,8,3,8,7,5,7,Non-Tech,Below College,High,High,High,Outstandingß,Very High,Better
182,39,No,Travel_Rarely,1329,Sales,4,Life Sciences,1,Female,47,2,Sales Executive,Married,5902,14590,4,Y,No,14,80,1,17,1,15,11,5,9,Non-Tech,Master,Very High,Medium,High,Excellent,High,Bestß
183,25,No,Travel_Rarely,959,Sales,28,Life Sciences,1,Male,41,2,Sales Executive,Married,8639,24835,2,Y,No,18,80,0,6,3,2,2,2,2,Non-Tech,Bachelor,Low,Medium,High,Excellent,Very High,Better
184,30,No,Travel_Rarely,1240,Human Resources,9,Human Resources,1,Male,48,2,Human Resources,Married,6347,13982,0,Y,Yes,19,80,0,12,2,11,9,4,7,Non-Tech,Bachelor,High,High,Very High,Excellent,Very High,Bad
195,32,No,Travel_Frequently,689,Sales,9,Medical,1,Male,35,2,Sales Executive,Divorced,4668,22812,0,Y,No,17,80,3,9,2,8,7,0,7,Non-Tech,College,Very High,Low,Very High,Excellent,Very High,Bestß
204,35,No,Travel_Rarely,662,Sales,1,Marketing,1,Male,94,3,Sales Executive,Married,7295,11439,1,Y,No,13,80,2,10,3,10,8,0,6,Non-Tech,Doctor,High,High,Medium,Excellent,Low,Better
205,53,No,Travel_Rarely,1436,Sales,6,Marketing,1,Male,34,2,Sales Representative,Married,2306,16047,2,Y,Yes,20,80,1,13,3,7,7,4,5,Non-Tech,College,Medium,High,High,Outstandingß,Very High,Bad
207,32,No,Travel_Frequently,967,Sales,8,Marketing,1,Female,43,3,Sales Executive,Single,8998,15589,1,Y,No,14,80,0,9,2,9,8,3,7,Non-Tech,Bachelor,Medium,High,Very High,Excellent,Very High,Better
215,40,No,Travel_Rarely,630,Sales,4,Marketing,1,Male,67,3,Sales Executive,Married,10855,8552,7,Y,No,11,80,1,15,2,12,11,2,11,Non-Tech,Master,High,Medium,Very High,Excellent,Low,Good
216,34,No,Travel_Frequently,303,Sales,2,Marketing,1,Female,75,1,Sales Representative,Married,2231,11314,6,Y,No,18,80,1,6,3,4,3,1,2,Non-Tech,Master,High,High,High,Excellent,Very High,Better
228,30,No,Travel_Rarely,1339,Sales,5,Life Sciences,1,Female,41,3,Sales Executive,Married,9419,8053,2,Y,No,12,80,1,12,2,10,9,7,4,Non-Tech,Bachelor,Medium,High,Very High,Excellent,High,Better
230,38,No,Travel_Rarely,702,Sales,1,Life Sciences,1,Female,59,2,Sales Executive,Single,8686,12930,4,Y,No,22,80,0,12,2,8,3,0,7,Non-Tech,Master,Low,Medium,Very High,Outstandingß,High,Bestß
235,19,Yes,Travel_Frequently,602,Sales,1,Technical Degree,1,Female,100,1,Sales Representative,Single,2325,20989,0,Y,No,21,80,0,1,5,0,0,0,0,Non-Tech,Below College,High,Low,Low,Outstandingß,Low,Bestß
240,45,No,Travel_Rarely,1268,Sales,4,Life Sciences,1,Female,30,2,Sales Executive,Divorced,5006,6319,4,Y,Yes,11,80,1,9,3,5,4,0,3,Non-Tech,College,High,High,Low,Excellent,Low,Bestß
244,46,No,Travel_Rarely,526,Sales,1,Marketing,1,Female,92,3,Sales Executive,Divorced,10453,2137,1,Y,No,25,80,3,24,2,24,13,15,7,Non-Tech,College,Medium,High,Low,Outstandingß,High,Better
248,41,Yes,Travel_Rarely,1356,Sales,20,Marketing,1,Female,70,1,Sales Representative,Single,3140,21728,1,Y,Yes,22,80,0,4,5,4,3,0,2,Non-Tech,College,Medium,High,Medium,Outstandingß,Very High,Good
283,29,Yes,Travel_Rarely,121,Sales,27,Marketing,1,Female,35,3,Sales Executive,Married,7639,24525,1,Y,No,22,80,3,10,3,10,4,1,9,Non-Tech,Bachelor,Medium,High,Very High,Outstandingß,Very High,Good
291,32,Yes,Travel_Rarely,1045,Sales,4,Medical,1,Male,32,3,Sales Executive,Married,10400,25812,1,Y,No,11,80,0,14,2,14,8,9,8,Non-Tech,Master,Very High,Low,Very High,Excellent,High,Good
293,27,No,Travel_Frequently,1242,Sales,20,Life Sciences,1,Female,90,2,Sales Executive,Single,9981,12916,1,Y,No,14,80,0,7,2,7,7,0,7,Non-Tech,Bachelor,Very High,High,High,Excellent,Very High,Better
299,30,Yes,Travel_Frequently,334,Sales,26,Marketing,1,Female,52,2,Sales Executive,Single,6696,22967,5,Y,No,15,80,0,9,5,6,3,0,1,Non-Tech,Master,High,Medium,Low,Excellent,High,Good
302,45,No,Non-Travel,1052,Sales,6,Medical,1,Female,57,3,Sales Executive,Single,8865,16840,6,Y,No,12,80,0,23,2,19,7,12,8,Non-Tech,Bachelor,Very High,Medium,Very High,Excellent,Very High,Better
303,54,No,Travel_Rarely,1147,Sales,3,Marketing,1,Female,52,2,Sales Executive,Married,5940,17011,2,Y,No,14,80,1,16,4,6,2,0,5,Non-Tech,Bachelor,Very High,High,Low,Excellent,Very High,Better
307,38,No,Travel_Rarely,119,Sales,3,Life Sciences,1,Male,76,3,Sales Executive,Divorced,10609,9647,0,Y,No,12,80,2,17,6,16,10,5,13,Non-Tech,Bachelor,Low,High,High,Excellent,High,Good
311,37,No,Travel_Frequently,319,Sales,4,Marketing,1,Male,41,1,Sales Representative,Divorced,2793,2539,4,Y,No,17,80,1,13,2,9,8,5,8,Non-Tech,Master,Low,High,Very High,Excellent,High,Better
312,29,No,Travel_Frequently,1413,Sales,1,Medical,1,Female,42,3,Sales Executive,Married,7918,6599,1,Y,No,14,80,1,11,5,11,10,4,1,Non-Tech,Below College,Medium,High,Very High,Excellent,Very High,Better
314,35,No,Travel_Frequently,944,Sales,1,Marketing,1,Female,92,3,Sales Executive,Single,8789,9096,1,Y,No,14,80,0,10,3,10,7,0,8,Non-Tech,Bachelor,High,High,High,Excellent,Low,Bestß
321,59,No,Travel_Rarely,818,Human Resources,6,Medical,1,Male,52,1,Human Resources,Married,2267,25657,8,Y,No,17,80,0,7,2,2,2,2,2,Non-Tech,College,Medium,High,High,Excellent,Very High,Good
330,32,No,Travel_Rarely,1401,Sales,4,Life Sciences,1,Female,56,1,Sales Representative,Married,3931,20990,2,Y,No,11,80,1,6,5,4,3,1,2,Non-Tech,College,High,High,Medium,Excellent,Low,Better
333,32,No,Non-Travel,976,Sales,26,Marketing,1,Male,100,2,Sales Executive,Married,4465,12069,0,Y,No,18,80,0,4,2,3,2,2,2,Non-Tech,Master,High,High,Very High,Excellent,Low,Better
349,29,No,Travel_Rarely,1247,Sales,20,Marketing,1,Male,45,2,Sales Executive,Divorced,6931,10732,2,Y,No,14,80,1,10,2,3,2,0,2,Non-Tech,College,Very High,High,Very High,Excellent,Very High,Better
361,38,No,Non-Travel,1327,Sales,2,Life Sciences,1,Male,39,2,Sales Executive,Married,5249,19682,3,Y,No,18,80,1,13,0,8,7,7,5,Non-Tech,College,Very High,Medium,Very High,Excellent,Very High,Better
366,29,No,Travel_Rarely,1210,Sales,2,Medical,1,Male,78,2,Sales Executive,Married,6644,3687,2,Y,No,19,80,2,10,2,0,0,0,0,Non-Tech,Bachelor,Low,Medium,Medium,Excellent,Medium,Better
378,37,No,Travel_Rarely,228,Sales,6,Medical,1,Male,98,2,Sales Executive,Married,6502,22825,4,Y,No,14,80,1,7,5,5,4,0,1,Non-Tech,Master,High,High,Very High,Excellent,Medium,Bestß
382,38,No,Travel_Rarely,322,Sales,7,Medical,1,Female,44,2,Sales Executive,Divorced,5605,19191,1,Y,Yes,24,80,1,8,3,8,0,7,7,Non-Tech,College,Low,Very High,Low,Outstandingß,High,Better
387,42,No,Travel_Rarely,635,Sales,1,Life Sciences,1,Male,99,2,Sales Executive,Married,4907,24532,1,Y,No,25,80,0,20,3,20,16,11,6,Non-Tech,Below College,Medium,High,High,Outstandingß,High,Better
388,29,No,Travel_Frequently,442,Sales,2,Life Sciences,1,Male,44,2,Sales Executive,Single,4554,20260,1,Y,No,18,80,0,10,3,10,7,0,9,Non-Tech,College,Medium,High,Very High,Excellent,Low,Good
399,31,No,Travel_Frequently,444,Sales,5,Marketing,1,Female,84,1,Sales Representative,Divorced,2789,3909,1,Y,No,11,80,1,2,5,2,2,2,2,Non-Tech,Bachelor,Very High,High,Medium,Excellent,High,Good
401,26,Yes,Travel_Rarely,950,Sales,4,Marketing,1,Male,48,2,Sales Executive,Single,5828,8450,1,Y,Yes,12,80,0,8,0,8,7,7,4,Non-Tech,Master,Very High,Medium,Very High,Excellent,Medium,Better
404,42,No,Travel_Frequently,555,Sales,26,Marketing,1,Female,77,4,Sales Executive,Married,13525,14864,5,Y,No,14,80,1,23,2,20,4,4,8,Non-Tech,Bachelor,High,High,Medium,Excellent,Very High,Bestß
406,35,No,Travel_Rarely,1232,Sales,16,Marketing,1,Male,96,3,Sales Executive,Married,8020,5100,0,Y,No,15,80,2,12,3,11,9,6,9,Non-Tech,Bachelor,High,High,Medium,Excellent,High,Good
411,18,No,Travel_Rarely,812,Sales,10,Medical,1,Female,69,1,Sales Representative,Single,1200,9724,1,Y,No,12,80,0,0,2,0,0,0,0,Non-Tech,Bachelor,Very High,Medium,High,Excellent,Low,Better
416,31,No,Travel_Rarely,218,Sales,7,Technical Degree,1,Male,100,2,Sales Executive,Married,6929,12241,4,Y,No,11,80,1,10,3,8,7,7,7,Non-Tech,Bachelor,Medium,Very High,Very High,Excellent,Medium,Good
420,32,No,Travel_Rarely,906,Sales,7,Life Sciences,1,Male,91,2,Sales Executive,Married,5484,16985,1,Y,No,14,80,1,13,3,13,8,4,8,Non-Tech,Bachelor,Very High,Medium,High,Excellent,High,Good
424,31,No,Travel_Rarely,106,Human Resources,2,Human Resources,1,Male,62,2,Human Resources,Married,6410,17822,3,Y,No,12,80,0,9,1,2,2,1,0,Non-Tech,Bachelor,Low,Medium,Low,Excellent,Very High,Better
436,32,No,Travel_Rarely,588,Sales,8,Technical Degree,1,Female,65,2,Sales Executive,Married,5228,24624,1,Y,Yes,11,80,0,13,2,13,12,11,9,Non-Tech,College,High,Medium,Medium,Excellent,Very High,Better
437,27,No,Travel_Rarely,1377,Sales,2,Life Sciences,1,Male,74,2,Sales Executive,Single,4478,5242,1,Y,Yes,11,80,0,5,3,5,4,0,4,Non-Tech,Bachelor,Very High,High,High,Excellent,Low,Better
438,31,No,Travel_Rarely,691,Sales,7,Marketing,1,Male,73,2,Sales Executive,Divorced,7547,7143,4,Y,No,12,80,3,13,3,7,7,1,7,Non-Tech,Bachelor,Very High,High,Very High,Excellent,Very High,Better
445,39,Yes,Travel_Rarely,1162,Sales,3,Medical,1,Female,41,2,Sales Executive,Married,5238,17778,4,Y,Yes,18,80,0,12,3,1,0,0,0,Non-Tech,College,Very High,High,High,Excellent,Low,Good
446,33,No,Travel_Frequently,508,Sales,10,Marketing,1,Male,46,2,Sales Executive,Single,4682,4317,3,Y,No,14,80,0,9,6,7,7,0,1,Non-Tech,Bachelor,Medium,Medium,Very High,Excellent,High,Good
449,27,No,Non-Travel,210,Sales,1,Marketing,1,Male,73,2,Sales Executive,Married,6349,22107,0,Y,Yes,13,80,1,6,0,5,4,1,4,Non-Tech,Below College,High,High,Medium,Excellent,Very High,Better
453,40,No,Travel_Rarely,1124,Sales,1,Medical,1,Male,57,2,Sales Executive,Married,7457,13273,2,Y,Yes,22,80,3,6,2,4,3,0,2,Non-Tech,College,Medium,Low,Very High,Outstandingß,High,Good
456,30,No,Travel_Rarely,570,Sales,5,Marketing,1,Female,30,2,Sales Executive,Divorced,6118,5431,1,Y,No,13,80,3,10,2,10,9,1,2,Non-Tech,Bachelor,Very High,Medium,High,Excellent,High,Better
458,27,No,Travel_Rarely,1130,Sales,8,Marketing,1,Female,56,2,Sales Executive,Married,6214,3415,1,Y,No,18,80,1,8,3,8,7,0,7,Non-Tech,Master,Medium,High,Medium,Excellent,Low,Better
463,29,No,Travel_Rarely,144,Sales,10,Marketing,1,Female,39,2,Sales Executive,Divorced,8268,11866,1,Y,Yes,14,80,2,7,2,7,7,1,7,Non-Tech,Below College,Very High,Medium,Medium,Excellent,Low,Better
467,47,No,Travel_Frequently,1309,Sales,4,Medical,1,Male,99,2,Sales Representative,Single,2976,25751,3,Y,No,19,80,0,5,3,0,0,0,0,Non-Tech,Below College,Medium,High,High,Excellent,Low,Better
469,29,No,Non-Travel,746,Sales,2,Life Sciences,1,Male,61,2,Sales Executive,Married,4649,16928,1,Y,No,14,80,1,4,3,4,3,0,2,Non-Tech,Bachelor,Very High,High,High,Excellent,Low,Good
470,42,No,Travel_Rarely,544,Human Resources,2,Technical Degree,1,Male,52,1,Human Resources,Divorced,2696,24017,0,Y,Yes,11,80,1,4,5,3,2,1,0,Non-Tech,Below College,High,High,High,Excellent,High,Better
475,30,No,Non-Travel,641,Sales,25,Technical Degree,1,Female,85,2,Sales Executive,Married,4736,6069,7,Y,Yes,12,80,1,4,2,2,2,2,2,Non-Tech,College,Very High,High,High,Excellent,Medium,Bestß
476,26,No,Travel_Rarely,933,Sales,1,Life Sciences,1,Male,57,2,Sales Executive,Married,5296,20156,1,Y,No,17,80,1,8,3,8,7,7,7,Non-Tech,Bachelor,High,High,High,Excellent,Medium,Better
478,21,Yes,Travel_Frequently,756,Sales,1,Technical Degree,1,Female,99,1,Sales Representative,Single,2174,9150,1,Y,Yes,11,80,0,3,3,3,2,1,2,Non-Tech,Below College,Low,Medium,Medium,Excellent,High,Better
479,36,No,Non-Travel,845,Sales,1,Medical,1,Female,45,2,Sales Executive,Single,6653,15276,4,Y,No,15,80,0,7,6,1,0,0,0,Non-Tech,Doctor,Very High,High,Very High,Excellent,Medium,Better
481,36,No,Travel_Frequently,541,Sales,3,Medical,1,Male,48,3,Sales Executive,Married,9699,7246,4,Y,No,11,80,1,16,2,13,9,1,12,Non-Tech,Master,Low,Medium,Very High,Excellent,Low,Better
484,21,No,Non-Travel,895,Sales,9,Medical,1,Male,39,1,Sales Representative,Single,2610,2851,1,Y,No,24,80,0,3,3,3,2,2,2,Non-Tech,College,Low,High,Very High,Outstandingß,High,Good
485,33,Yes,Travel_Rarely,350,Sales,5,Marketing,1,Female,34,1,Sales Representative,Single,2851,9150,1,Y,Yes,13,80,0,1,2,1,0,0,0,Non-Tech,Bachelor,Very High,High,High,Excellent,Medium,Better
488,41,Yes,Travel_Frequently,143,Sales,4,Marketing,1,Male,56,2,Sales Executive,Single,9355,9558,1,Y,No,18,80,0,8,5,8,7,7,7,Non-Tech,Bachelor,Low,High,Medium,Excellent,High,Better
492,40,Yes,Travel_Rarely,575,Sales,22,Marketing,1,Male,68,2,Sales Executive,Married,6380,6110,2,Y,Yes,12,80,2,8,6,6,4,1,0,Non-Tech,College,High,Medium,High,Excellent,Low,Better
494,21,Yes,Travel_Rarely,156,Sales,12,Life Sciences,1,Female,90,1,Sales Representative,Single,2716,25422,1,Y,No,15,80,0,1,0,1,0,0,0,Non-Tech,Bachelor,High,Very High,Medium,Excellent,Very High,Better
498,28,No,Travel_Rarely,304,Sales,9,Life Sciences,1,Male,92,2,Sales Executive,Single,5253,20750,1,Y,No,16,80,0,7,1,7,5,0,7,Non-Tech,Master,Medium,High,Very High,Excellent,Very High,Better
500,51,No,Travel_Rarely,1178,Sales,14,Life Sciences,1,Female,87,2,Sales Executive,Married,4936,14862,4,Y,No,11,80,1,18,2,7,7,0,7,Non-Tech,College,High,High,Very High,Excellent,High,Good
502,34,Yes,Non-Travel,1362,Sales,19,Marketing,1,Male,67,2,Sales Executive,Single,5304,4652,8,Y,Yes,13,80,0,9,3,5,2,0,4,Non-Tech,Bachelor,Low,Very High,Very High,Excellent,Medium,Good
507,24,No,Travel_Rarely,1371,Sales,10,Marketing,1,Female,77,2,Sales Executive,Divorced,4260,5915,1,Y,Yes,12,80,1,5,2,5,2,0,3,Non-Tech,Master,Very High,High,High,Excellent,Very High,Bestß
508,30,No,Travel_Rarely,202,Sales,2,Technical Degree,1,Male,72,1,Sales Representative,Married,2476,17434,1,Y,No,18,80,1,1,3,1,0,0,0,Non-Tech,Below College,High,High,Medium,Excellent,Low,Better
513,36,No,Travel_Rarely,164,Sales,2,Medical,1,Male,61,3,Sales Executive,Married,7596,3809,1,Y,No,13,80,2,10,2,10,9,9,0,Non-Tech,College,Medium,Medium,High,Excellent,Medium,Better
516,40,No,Travel_Rarely,759,Sales,2,Marketing,1,Female,46,2,Sales Executive,Divorced,5715,22553,7,Y,No,12,80,2,8,5,5,4,1,3,Non-Tech,College,Very High,High,Medium,Excellent,High,Better
523,34,No,Non-Travel,1381,Sales,4,Marketing,1,Female,72,2,Sales Executive,Married,6538,12740,9,Y,No,15,80,1,6,3,3,2,1,2,Non-Tech,Master,High,High,High,Excellent,Low,Better
527,25,No,Travel_Rarely,891,Sales,4,Life Sciences,1,Female,99,2,Sales Executive,Single,4487,12090,1,Y,Yes,11,80,0,5,3,5,4,1,3,Non-Tech,College,Medium,Medium,Very High,Excellent,Medium,Better
532,56,No,Travel_Frequently,906,Sales,6,Life Sciences,1,Female,86,4,Sales Executive,Married,13212,18256,9,Y,No,11,80,3,36,0,7,7,7,7,Non-Tech,Bachelor,High,Very High,Low,Excellent,Very High,Good
533,30,No,Travel_Rarely,1082,Sales,12,Technical Degree,1,Female,83,2,Sales Executive,Single,6577,19558,0,Y,No,11,80,0,6,6,5,4,4,4,Non-Tech,Bachelor,Medium,High,High,Excellent,Medium,Better
534,41,No,Travel_Rarely,645,Sales,1,Marketing,1,Male,49,3,Sales Executive,Married,8392,19566,1,Y,No,16,80,1,10,2,10,7,0,7,Non-Tech,Bachelor,Medium,Very High,Low,Excellent,High,Better
554,24,Yes,Travel_Rarely,1448,Sales,1,Technical Degree,1,Female,62,1,Sales Representative,Single,3202,21972,1,Y,Yes,16,80,0,6,4,5,3,1,4,Non-Tech,Below College,Low,High,Medium,Excellent,Medium,Better
555,34,Yes,Travel_Frequently,296,Sales,6,Marketing,1,Female,33,1,Sales Representative,Divorced,2351,12253,0,Y,No,16,80,1,3,3,2,2,1,0,Non-Tech,College,Very High,Low,High,Excellent,Very High,Good
656,37,No,Travel_Rarely,558,Sales,2,Marketing,1,Male,75,2,Sales Executive,Married,9602,3010,4,Y,Yes,11,80,1,17,3,3,0,1,0,Non-Tech,Bachelor,Very High,High,High,Excellent,High,Good
566,19,Yes,Travel_Rarely,489,Human Resources,2,Technical Degree,1,Male,52,1,Human Resources,Single,2564,18437,1,Y,No,12,80,0,1,3,1,0,0,0,Non-Tech,College,Low,Medium,Very High,Excellent,High,Bestß
567,30,No,Non-Travel,1398,Sales,22,Other,1,Female,69,3,Sales Executive,Married,8412,2890,0,Y,No,11,80,0,10,3,9,8,7,8,Non-Tech,Master,High,High,Low,Excellent,High,Better
573,60,No,Travel_Frequently,1499,Sales,28,Marketing,1,Female,80,3,Sales Executive,Married,10266,2845,4,Y,No,19,80,0,22,5,18,13,13,11,Non-Tech,Bachelor,High,Medium,Low,Excellent,Very High,Bestß
580,46,No,Travel_Rarely,1125,Sales,10,Marketing,1,Female,94,3,Sales Executive,Married,9071,11563,2,Y,Yes,19,80,1,15,3,3,2,1,2,Non-Tech,Bachelor,High,Medium,Very High,Excellent,High,Better
585,30,No,Travel_Rarely,413,Sales,7,Marketing,1,Male,57,1,Sales Representative,Single,2983,18398,0,Y,No,14,80,0,4,3,3,2,1,2,Non-Tech,Below College,Very High,High,Medium,Excellent,Low,Better
590,34,Yes,Travel_Frequently,988,Human Resources,23,Human Resources,1,Female,43,3,Human Resources,Divorced,9950,11533,9,Y,Yes,15,80,3,11,2,3,2,0,2,Non-Tech,Bachelor,Medium,High,Low,Excellent,High,Better
592,36,No,Non-Travel,635,Sales,10,Medical,1,Male,32,3,Sales Executive,Single,9980,15318,1,Y,No,14,80,0,10,3,10,3,9,7,Non-Tech,Master,Medium,High,Very High,Excellent,Very High,Good
595,48,No,Travel_Rarely,163,Sales,2,Marketing,1,Female,37,2,Sales Executive,Married,4051,19658,2,Y,No,14,80,1,14,2,9,7,6,7,Non-Tech,Doctor,Medium,High,Very High,Excellent,Low,Better
599,41,No,Non-Travel,267,Sales,10,Life Sciences,1,Male,56,2,Sales Executive,Single,6230,13430,7,Y,No,14,80,0,16,3,14,3,1,10,Non-Tech,College,Very High,High,Very High,Excellent,Very High,Better
600,35,No,Travel_Rarely,619,Sales,1,Marketing,1,Male,85,2,Sales Executive,Married,4717,18659,9,Y,No,11,80,0,15,2,11,9,6,9,Non-Tech,Bachelor,Medium,High,High,Excellent,High,Better
604,31,No,Travel_Rarely,828,Sales,2,Life Sciences,1,Male,77,2,Sales Executive,Single,6582,8346,4,Y,Yes,13,80,0,10,2,6,5,0,5,Non-Tech,Below College,Medium,High,Very High,Excellent,High,Bestß
606,45,No,Travel_Rarely,561,Sales,2,Other,1,Male,61,2,Sales Executive,Married,4805,16177,0,Y,No,19,80,1,9,3,8,7,3,7,Non-Tech,Bachelor,Very High,High,Medium,Excellent,Medium,Bestß
608,26,Yes,Travel_Frequently,426,Human Resources,17,Life Sciences,1,Female,58,1,Human Resources,Divorced,2741,22808,0,Y,Yes,11,80,1,8,2,7,7,1,0,Non-Tech,Master,Medium,High,High,Excellent,Medium,Good
614,18,Yes,Travel_Frequently,1306,Sales,5,Marketing,1,Male,69,1,Sales Representative,Single,1878,8059,1,Y,Yes,14,80,0,0,3,0,0,0,0,Non-Tech,Bachelor,Medium,High,Medium,Excellent,Very High,Better
615,40,No,Non-Travel,1094,Sales,28,Other,1,Male,58,3,Sales Executive,Divorced,10932,11373,3,Y,No,15,80,1,20,2,1,0,0,1,Non-Tech,Bachelor,High,Low,Low,Excellent,High,Better
618,26,No,Travel_Rarely,775,Sales,29,Medical,1,Male,45,2,Sales Executive,Divorced,4306,4267,5,Y,No,12,80,2,8,5,0,0,0,0,Non-Tech,College,Low,High,High,Excellent,Low,Better
620,35,No,Travel_Rarely,195,Sales,1,Medical,1,Female,80,2,Sales Executive,Single,4859,6698,1,Y,No,16,80,0,5,3,5,4,0,3,Non-Tech,Bachelor,Low,High,High,Excellent,Very High,Better
621,34,No,Travel_Rarely,258,Sales,21,Life Sciences,1,Male,74,2,Sales Executive,Single,5337,19921,1,Y,No,12,80,0,10,3,10,7,5,7,Non-Tech,Master,Very High,Very High,Very High,Excellent,Very High,Better
626,37,No,Non-Travel,142,Sales,9,Medical,1,Male,69,3,Sales Executive,Divorced,8834,24666,1,Y,No,13,80,1,9,6,9,5,7,7,Non-Tech,Master,Low,High,Medium,Excellent,Very High,Better
631,32,Yes,Non-Travel,1474,Sales,11,Other,1,Male,60,2,Sales Executive,Married,4707,23914,8,Y,No,12,80,0,6,2,4,2,1,2,Non-Tech,Master,Very High,Very High,High,Excellent,Very High,Better
632,24,No,Travel_Frequently,535,Sales,24,Medical,1,Male,38,1,Sales Representative,Married,2400,5530,0,Y,No,13,80,2,3,3,2,2,2,1,Non-Tech,Bachelor,Very High,High,Very High,Excellent,High,Better
641,26,No,Travel_Rarely,703,Sales,28,Marketing,1,Male,66,2,Sales Executive,Married,6272,7428,1,Y,No,20,80,2,6,5,5,3,1,4,Non-Tech,College,Low,High,Medium,Outstandingß,Very High,Bestß
645,25,No,Travel_Rarely,622,Sales,13,Medical,1,Male,40,1,Sales Representative,Married,2096,26376,1,Y,No,11,80,0,7,1,7,4,0,6,Non-Tech,Below College,Medium,High,High,Excellent,High,Better
648,30,Yes,Travel_Frequently,448,Sales,12,Life Sciences,1,Male,74,1,Sales Representative,Married,2033,14470,1,Y,No,18,80,1,1,2,1,0,0,0,Non-Tech,Master,Medium,Medium,Low,Excellent,High,Bestß
650,31,Yes,Travel_Rarely,1365,Sales,13,Medical,1,Male,46,2,Sales Executive,Divorced,4233,11512,2,Y,No,17,80,0,9,2,3,1,1,2,Non-Tech,Master,Medium,High,Low,Excellent,High,Bad
653,31,No,Travel_Rarely,525,Sales,6,Medical,1,Male,66,2,Sales Executive,Divorced,5460,6219,4,Y,No,22,80,2,13,4,7,7,5,7,Non-Tech,Master,Low,Very High,Very High,Outstandingß,Very High,Bestß
665,44,No,Travel_Rarely,1112,Human Resources,1,Life Sciences,1,Female,50,2,Human Resources,Single,5985,26894,4,Y,No,11,80,0,10,1,2,2,0,2,Non-Tech,Master,Low,Medium,High,Excellent,Medium,Bestß
666,34,No,Travel_Rarely,204,Sales,14,Technical Degree,1,Female,31,1,Sales Representative,Divorced,2579,2912,1,Y,Yes,18,80,2,8,3,8,2,0,6,Non-Tech,Bachelor,High,High,High,Excellent,Very High,Better
667,27,Yes,Travel_Rarely,1420,Sales,2,Marketing,1,Male,85,1,Sales Representative,Divorced,3041,16346,0,Y,No,11,80,1,5,3,4,3,0,2,Non-Tech,Below College,High,High,Low,Excellent,Medium,Better
669,21,No,Travel_Rarely,1343,Sales,22,Technical Degree,1,Male,49,1,Sales Representative,Single,3447,24444,1,Y,No,11,80,0,3,2,3,2,1,2,Non-Tech,Below College,High,High,High,Excellent,High,Better
677,33,No,Travel_Rarely,1216,Sales,8,Marketing,1,Male,39,2,Sales Executive,Divorced,7104,20431,0,Y,No,12,80,0,6,3,5,0,1,2,Non-Tech,Master,High,High,High,Excellent,Very High,Better
682,53,No,Travel_Rarely,238,Sales,1,Medical,1,Female,34,2,Sales Executive,Single,8381,7507,7,Y,No,20,80,0,18,2,14,7,8,10,Non-Tech,Below College,Very High,High,Low,Outstandingß,Very High,Bestß
684,45,Yes,Travel_Frequently,306,Sales,26,Life Sciences,1,Female,100,2,Sales Executive,Married,4286,5630,2,Y,No,14,80,2,5,4,1,1,0,0,Non-Tech,Master,Low,High,Low,Excellent,Very High,Better
690,29,No,Travel_Rarely,1176,Sales,3,Medical,1,Female,62,2,Sales Executive,Married,5561,3487,1,Y,No,14,80,1,6,5,6,0,1,2,Non-Tech,College,Medium,High,High,Excellent,Low,Good
698,54,No,Travel_Rarely,397,Human Resources,19,Medical,1,Male,88,3,Human Resources,Married,10725,6729,2,Y,No,15,80,1,16,1,9,7,7,1,Non-Tech,Master,High,High,Medium,Excellent,High,Bestß
707,25,No,Travel_Rarely,810,Sales,8,Life Sciences,1,Male,57,2,Sales Executive,Married,4851,15678,0,Y,No,22,80,1,4,4,3,2,1,2,Non-Tech,Bachelor,Very High,Very High,Medium,Outstandingß,High,Better
709,38,No,Travel_Rarely,243,Sales,7,Marketing,1,Female,46,2,Sales Executive,Single,4028,7791,0,Y,No,20,80,0,8,2,7,7,0,5,Non-Tech,Master,Very High,Medium,Very High,Outstandingß,Low,Better
712,48,No,Travel_Rarely,817,Sales,2,Marketing,1,Male,56,2,Sales Executive,Married,8120,18597,3,Y,No,12,80,0,12,3,2,2,2,2,Non-Tech,Below College,Medium,Very High,Medium,Excellent,Very High,Better
714,27,No,Travel_Frequently,1410,Sales,3,Medical,1,Female,71,2,Sales Executive,Divorced,4647,16673,1,Y,Yes,20,80,2,6,3,6,5,0,4,Non-Tech,Below College,Very High,Very High,Very High,Outstandingß,Medium,Better
720,24,Yes,Travel_Rarely,693,Sales,3,Life Sciences,1,Female,65,2,Sales Executive,Single,4577,24785,9,Y,No,14,80,0,4,3,2,2,2,0,Non-Tech,College,Low,High,High,Excellent,Low,Better
722,32,No,Travel_Rarely,929,Sales,10,Marketing,1,Male,55,2,Sales Executive,Single,5396,21703,1,Y,No,12,80,0,10,2,10,7,0,8,Non-Tech,Bachelor,Very High,High,Very High,Excellent,Very High,Good
723,50,Yes,Travel_Frequently,562,Sales,8,Technical Degree,1,Male,50,2,Sales Executive,Married,6796,23452,3,Y,Yes,14,80,1,18,4,4,3,1,3,Non-Tech,College,Medium,High,High,Excellent,Low,Better
728,47,No,Travel_Rarely,703,Sales,14,Marketing,1,Male,42,2,Sales Executive,Single,4960,11825,2,Y,No,12,80,0,20,2,7,7,1,7,Non-Tech,Master,Very High,High,Low,Excellent,Very High,Better
729,40,No,Travel_Frequently,580,Sales,5,Life Sciences,1,Male,48,3,Sales Executive,Married,10475,23772,5,Y,Yes,21,80,1,20,2,18,13,1,12,Non-Tech,Master,Very High,Medium,Low,Outstandingß,High,Better
732,60,No,Travel_Rarely,1179,Sales,16,Marketing,1,Male,84,2,Sales Executive,Single,5405,11924,8,Y,No,14,80,0,10,1,2,2,2,2,Non-Tech,Master,Low,High,Low,Excellent,Very High,Better
738,50,No,Travel_Rarely,316,Sales,8,Marketing,1,Male,54,1,Sales Representative,Married,3875,9983,7,Y,No,15,80,1,4,2,2,2,2,2,Non-Tech,Master,Very High,High,Medium,Excellent,Very High,Better
746,47,No,Travel_Frequently,217,Sales,3,Medical,1,Female,49,4,Sales Executive,Divorced,13770,10225,9,Y,Yes,12,80,2,28,2,22,2,11,13,Non-Tech,Bachelor,Very High,High,High,Excellent,Very High,Good
747,30,No,Travel_Rarely,501,Sales,27,Marketing,1,Male,99,2,Sales Executive,Divorced,5304,25275,7,Y,No,23,80,1,10,2,8,7,7,7,Non-Tech,Doctor,High,High,Very High,Outstandingß,Very High,Good
749,29,No,Travel_Rarely,1396,Sales,10,Life Sciences,1,Male,99,1,Sales Representative,Single,2642,2755,1,Y,No,11,80,0,1,6,1,0,0,0,Non-Tech,Bachelor,High,High,High,Excellent,High,Better
754,43,No,Travel_Frequently,775,Sales,15,Life Sciences,1,Male,47,2,Sales Executive,Married,6804,23683,3,Y,No,18,80,1,7,5,2,2,2,2,Non-Tech,Bachelor,Very High,Medium,Very High,Excellent,High,Better
760,39,No,Travel_Rarely,141,Human Resources,3,Human Resources,1,Female,44,2,Human Resources,Married,6389,18767,9,Y,No,15,80,1,12,3,8,3,3,6,Non-Tech,Bachelor,High,Very High,Medium,Excellent,High,Bad
766,29,No,Travel_Rarely,1090,Sales,10,Marketing,1,Male,83,1,Sales Representative,Divorced,2297,17967,1,Y,No,14,80,2,2,2,2,2,2,2,Non-Tech,Bachelor,Very High,High,Medium,Excellent,Very High,Better
781,25,No,Travel_Rarely,883,Sales,26,Medical,1,Female,32,2,Sales Executive,Single,6180,22807,1,Y,No,23,80,0,6,5,6,5,1,4,Non-Tech,Below College,High,High,Very High,Outstandingß,Medium,Good
783,45,No,Travel_Rarely,954,Sales,2,Technical Degree,1,Male,46,2,Sales Representative,Single,6632,12388,0,Y,No,13,80,0,9,3,8,7,3,1,Non-Tech,College,Medium,Low,High,Excellent,Low,Better
785,47,Yes,Travel_Frequently,719,Sales,27,Life Sciences,1,Female,77,2,Sales Executive,Single,6397,10339,4,Y,Yes,12,80,0,8,2,5,4,1,3,Non-Tech,College,Medium,Very High,High,Excellent,Very High,Better
786,34,No,Travel_Rarely,304,Sales,2,Other,1,Male,60,2,Sales Executive,Single,6274,18686,1,Y,No,22,80,0,6,5,6,5,1,4,Non-Tech,Bachelor,Very High,High,Very High,Outstandingß,High,Better
789,36,No,Non-Travel,1434,Sales,8,Life Sciences,1,Male,76,3,Sales Executive,Single,7587,14229,1,Y,No,15,80,0,10,1,10,7,0,9,Non-Tech,Master,Low,Medium,Low,Excellent,Medium,Better
796,26,Yes,Travel_Rarely,1146,Sales,8,Technical Degree,1,Male,38,2,Sales Executive,Single,5326,3064,6,Y,No,17,80,0,6,2,4,3,1,2,Non-Tech,Bachelor,Very High,Medium,Low,Excellent,High,Good
800,27,No,Travel_Frequently,829,Sales,8,Marketing,1,Male,84,2,Sales Executive,Married,4342,24008,0,Y,No,19,80,1,5,3,4,2,1,1,Non-Tech,Below College,High,High,Very High,Excellent,Medium,Better
805,35,No,Travel_Rarely,384,Sales,8,Life Sciences,1,Female,72,1,Sales Representative,Married,2572,20317,1,Y,No,16,80,1,3,1,3,2,0,2,Non-Tech,Master,Low,High,Very High,Excellent,Medium,Good
808,34,No,Travel_Rarely,1111,Sales,8,Life Sciences,1,Female,93,2,Sales Executive,Married,6500,13305,5,Y,No,17,80,1,6,1,3,2,1,2,Non-Tech,College,High,High,Low,Excellent,Medium,Better
819,33,Yes,Travel_Rarely,118,Sales,16,Marketing,1,Female,69,2,Sales Executive,Single,5324,26507,5,Y,No,15,80,0,6,3,3,2,0,2,Non-Tech,Bachelor,Low,High,Low,Excellent,High,Better
829,36,No,Travel_Rarely,1041,Human Resources,13,Human Resources,1,Male,36,1,Human Resources,Married,2143,25527,4,Y,No,13,80,1,8,2,5,2,0,4,Non-Tech,Bachelor,High,High,Medium,Excellent,Medium,Better
840,49,Yes,Travel_Rarely,1184,Sales,11,Marketing,1,Female,43,3,Sales Executive,Married,7654,5860,1,Y,No,18,80,2,9,3,9,8,7,7,Non-Tech,Bachelor,High,High,Very High,Excellent,Low,Bestß
842,55,Yes,Travel_Rarely,436,Sales,2,Medical,1,Male,37,2,Sales Executive,Single,5160,21519,4,Y,No,16,80,0,12,3,9,7,7,3,Non-Tech,Below College,High,High,Very High,Excellent,High,Good
846,28,No,Travel_Rarely,760,Sales,2,Marketing,1,Female,81,2,Sales Executive,Married,4779,3698,1,Y,Yes,20,80,0,8,2,8,7,7,5,Non-Tech,Master,Medium,High,Medium,Outstandingß,Low,Better
847,34,No,Travel_Rarely,829,Human Resources,3,Human Resources,1,Male,88,1,Human Resources,Married,3737,2243,0,Y,No,19,80,1,4,1,3,2,0,2,Non-Tech,College,High,High,Very High,Excellent,High,Bad
855,33,No,Travel_Rarely,586,Sales,1,Medical,1,Male,48,2,Sales Executive,Divorced,4037,21816,1,Y,No,22,80,1,9,5,9,8,0,8,Non-Tech,Bachelor,Low,Very High,Low,Outstandingß,Low,Better
857,36,No,Travel_Rarely,928,Sales,1,Life Sciences,1,Male,56,2,Sales Executive,Married,6201,2823,1,Y,Yes,14,80,1,18,1,18,14,4,11,Non-Tech,College,Medium,High,Very High,Excellent,Very High,Good
859,32,No,Travel_Rarely,117,Sales,13,Life Sciences,1,Male,73,2,Sales Executive,Divorced,4403,9250,2,Y,No,11,80,1,8,3,5,2,0,3,Non-Tech,Master,Medium,High,Very High,Excellent,High,Good
862,53,No,Travel_Rarely,661,Sales,7,Marketing,1,Female,78,3,Sales Executive,Married,10934,20715,7,Y,Yes,18,80,1,35,3,5,2,0,4,Non-Tech,College,Low,Medium,Very High,Excellent,Very High,Better
864,45,No,Travel_Rarely,930,Sales,9,Marketing,1,Male,74,3,Sales Executive,Divorced,10761,19239,4,Y,Yes,12,80,1,18,2,5,4,0,2,Non-Tech,Bachelor,Very High,High,Low,Excellent,High,Better
868,37,No,Travel_Rarely,342,Sales,16,Marketing,1,Male,66,2,Sales Executive,Divorced,6334,24558,4,Y,No,19,80,2,9,2,1,0,0,0,Non-Tech,Master,Very High,Medium,High,Excellent,Very High,Better
869,28,No,Travel_Rarely,1169,Human Resources,8,Medical,1,Male,63,1,Human Resources,Divorced,4936,23965,1,Y,No,13,80,1,6,6,5,1,0,4,Non-Tech,College,Medium,Medium,Very High,Excellent,Very High,Better
878,36,No,Travel_Rarely,1278,Human Resources,8,Life Sciences,1,Male,77,1,Human Resources,Married,2342,8635,0,Y,No,21,80,0,6,3,5,4,0,3,Non-Tech,Bachelor,Low,Medium,Low,Outstandingß,High,Better
879,25,No,Travel_Rarely,141,Sales,3,Other,1,Male,98,2,Sales Executive,Married,4194,14363,1,Y,Yes,18,80,0,5,3,5,3,0,3,Non-Tech,Below College,High,High,Low,Excellent,Very High,Better
885,25,No,Travel_Rarely,583,Sales,4,Marketing,1,Male,87,2,Sales Executive,Married,4256,18154,1,Y,No,12,80,0,5,1,5,2,0,3,Non-Tech,Below College,High,Medium,Low,Excellent,Low,Bestß
889,32,No,Travel_Frequently,379,Sales,5,Life Sciences,1,Male,48,2,Sales Executive,Married,6524,8891,1,Y,No,14,80,1,10,3,10,8,5,3,Non-Tech,College,Medium,High,Medium,Excellent,Very High,Better
893,38,No,Travel_Rarely,395,Sales,9,Marketing,1,Male,98,1,Sales Representative,Married,2899,12102,0,Y,No,19,80,1,3,3,2,2,1,2,Non-Tech,Bachelor,Medium,Medium,Medium,Excellent,Very High,Better
896,29,Yes,Travel_Rarely,341,Sales,1,Medical,1,Female,48,1,Sales Representative,Divorced,2800,23522,6,Y,Yes,19,80,3,5,3,3,2,0,2,Non-Tech,Bachelor,Medium,Medium,High,Excellent,High,Better
897,53,No,Travel_Rarely,868,Sales,8,Marketing,1,Male,73,4,Sales Executive,Married,11836,22789,5,Y,No,14,80,1,28,3,2,0,2,2,Non-Tech,Bachelor,Low,High,Very High,Excellent,High,Better
900,37,No,Travel_Frequently,1231,Sales,21,Medical,1,Female,54,1,Sales Representative,Married,2973,21222,5,Y,No,15,80,1,10,3,5,4,0,0,Non-Tech,College,High,High,Very High,Excellent,Medium,Better
903,47,No,Travel_Rarely,249,Sales,2,Marketing,1,Female,35,2,Sales Executive,Married,4537,17783,0,Y,Yes,22,80,1,8,2,7,6,7,7,Non-Tech,College,High,High,Very High,Outstandingß,Low,Better
904,37,No,Non-Travel,1252,Sales,19,Medical,1,Male,32,3,Sales Executive,Single,7642,4814,1,Y,Yes,13,80,0,10,2,10,0,0,9,Non-Tech,College,Low,High,Medium,Excellent,Very High,Better
909,39,No,Travel_Rarely,1383,Human Resources,2,Life Sciences,1,Female,42,2,Human Resources,Married,5204,7790,8,Y,No,11,80,2,13,2,5,4,0,4,Non-Tech,Bachelor,Very High,Medium,Very High,Excellent,High,Better
910,33,No,Travel_Rarely,1075,Human Resources,3,Human Resources,1,Male,57,1,Human Resources,Divorced,2277,22650,3,Y,Yes,11,80,1,7,4,4,3,0,3,Non-Tech,College,Very High,High,Medium,Excellent,High,Bestß
916,28,No,Travel_Rarely,821,Sales,5,Medical,1,Male,98,2,Sales Executive,Single,4908,24252,1,Y,No,14,80,0,4,3,4,2,0,2,Non-Tech,Master,Low,High,Very High,Excellent,Medium,Better
922,20,Yes,Travel_Rarely,500,Sales,2,Medical,1,Female,49,1,Sales Representative,Single,2044,22052,1,Y,No,13,80,0,2,3,2,2,0,2,Non-Tech,Bachelor,High,Medium,High,Excellent,Very High,Good
925,47,No,Travel_Rarely,1454,Sales,2,Life Sciences,1,Female,65,1,Sales Representative,Single,3294,13137,1,Y,Yes,18,80,0,3,3,3,2,1,2,Non-Tech,Master,Very High,Medium,Very High,Excellent,Low,Good
936,42,No,Travel_Rarely,462,Sales,14,Medical,1,Female,68,2,Sales Executive,Single,6244,7824,7,Y,No,17,80,0,10,6,5,4,0,3,Non-Tech,College,High,Medium,High,Excellent,Low,Better
941,31,No,Travel_Rarely,154,Sales,7,Life Sciences,1,Male,41,1,Sales Representative,Married,2329,11737,3,Y,No,15,80,0,13,2,7,7,5,2,Non-Tech,Master,Medium,Medium,High,Excellent,Medium,Bestß
947,31,No,Non-Travel,1188,Sales,20,Marketing,1,Female,45,2,Sales Executive,Married,6932,24406,1,Y,No,13,80,1,9,2,9,8,0,0,Non-Tech,College,Very High,High,High,Excellent,Very High,Good
952,25,Yes,Travel_Rarely,867,Sales,19,Marketing,1,Male,36,1,Sales Representative,Married,2413,18798,1,Y,Yes,18,80,3,1,2,1,0,0,0,Non-Tech,College,High,Medium,Medium,Excellent,High,Better
954,40,No,Travel_Rarely,658,Sales,10,Marketing,1,Male,67,3,Sales Executive,Divorced,9705,20652,2,Y,No,12,80,1,11,2,1,0,0,0,Non-Tech,Master,Low,Medium,Medium,Excellent,Medium,Good
956,26,No,Travel_Frequently,1283,Sales,1,Medical,1,Male,52,2,Sales Executive,Single,4294,11148,1,Y,No,12,80,0,7,2,7,7,0,7,Non-Tech,Bachelor,High,Medium,Low,Excellent,Medium,Better
959,19,Yes,Travel_Rarely,419,Sales,21,Other,1,Male,37,1,Sales Representative,Single,2121,9947,1,Y,Yes,13,80,0,1,3,1,0,0,0,Non-Tech,Bachelor,Very High,Medium,Medium,Excellent,Medium,Bestß
967,36,Yes,Travel_Rarely,530,Sales,3,Life Sciences,1,Male,51,3,Sales Executive,Married,10325,5518,1,Y,Yes,11,80,1,16,6,16,7,3,7,Non-Tech,Below College,High,Medium,Very High,Excellent,Low,Better
970,37,Yes,Travel_Rarely,625,Sales,1,Life Sciences,1,Male,46,3,Sales Executive,Married,10609,14922,5,Y,No,11,80,0,17,2,14,1,11,7,Non-Tech,Master,Low,Medium,High,Excellent,High,Bad
974,29,No,Travel_Frequently,1404,Sales,20,Technical Degree,1,Female,84,1,Sales Representative,Married,2157,18203,1,Y,No,15,80,1,3,5,3,1,0,2,Non-Tech,Bachelor,High,High,Very High,Excellent,Medium,Better
975,35,No,Travel_Rarely,1219,Sales,18,Medical,1,Female,86,2,Sales Executive,Married,4601,6179,1,Y,No,16,80,0,5,3,5,2,1,0,Non-Tech,Bachelor,High,High,High,Excellent,Medium,Better
982,30,No,Travel_Rarely,231,Sales,8,Other,1,Male,62,3,Sales Executive,Divorced,7264,9977,5,Y,No,11,80,1,10,2,8,4,7,7,Non-Tech,College,High,High,High,Excellent,Low,Bestß
983,38,No,Non-Travel,152,Sales,10,Technical Degree,1,Female,85,2,Sales Executive,Single,5666,19899,1,Y,Yes,13,80,0,6,1,5,3,1,3,Non-Tech,Bachelor,High,High,Very High,Excellent,Medium,Better
984,35,No,Travel_Rarely,882,Sales,3,Life Sciences,1,Male,92,3,Sales Executive,Divorced,7823,6812,6,Y,No,13,80,1,12,2,10,9,0,8,Non-Tech,Master,Very High,High,Very High,Excellent,Medium,Better
985,39,No,Travel_Rarely,903,Sales,2,Life Sciences,1,Male,41,3,Sales Executive,Single,7880,2560,0,Y,No,18,80,0,9,3,8,7,0,7,Non-Tech,Doctor,Low,Very High,High,Excellent,Very High,Better
986,40,Yes,Non-Travel,1479,Sales,24,Life Sciences,1,Female,100,4,Sales Executive,Single,13194,17071,4,Y,Yes,16,80,0,22,2,1,0,0,0,Non-Tech,Bachelor,Medium,Very High,Medium,Excellent,Very High,Good
990,36,No,Non-Travel,1229,Sales,8,Technical Degree,1,Male,84,2,Sales Executive,Divorced,5079,25952,4,Y,No,13,80,2,12,3,7,7,0,7,Non-Tech,Master,Low,High,Very High,Excellent,Very High,Better
1003,47,No,Travel_Rarely,955,Sales,4,Life Sciences,1,Female,83,2,Sales Executive,Single,4163,8571,1,Y,Yes,17,80,0,9,0,9,0,0,7,Non-Tech,College,Very High,High,Very High,Excellent,High,Better
1036,38,No,Travel_Rarely,1035,Sales,3,Life Sciences,1,Male,42,2,Sales Executive,Single,6861,4981,8,Y,Yes,12,80,0,19,1,1,0,0,0,Non-Tech,Master,Medium,High,Very High,Excellent,High,Better
1037,26,Yes,Non-Travel,265,Sales,29,Medical,1,Male,79,2,Sales Executive,Single,4969,21813,8,Y,No,18,80,0,7,6,2,2,2,2,Non-Tech,College,Medium,Low,Low,Excellent,Very High,Better
1039,44,No,Travel_Rarely,1448,Sales,28,Medical,1,Female,53,4,Sales Executive,Married,13320,11737,3,Y,Yes,18,80,1,23,2,12,11,11,11,Non-Tech,Bachelor,Very High,Very High,Very High,Excellent,High,Better
1040,50,No,Non-Travel,145,Sales,1,Life Sciences,1,Female,95,2,Sales Executive,Married,6347,24920,0,Y,No,12,80,1,19,3,18,7,0,13,Non-Tech,Bachelor,Very High,High,High,Excellent,Low,Better
1044,33,No,Non-Travel,1038,Sales,8,Life Sciences,1,Female,88,1,Sales Representative,Single,2342,21437,0,Y,No,19,80,0,3,2,2,2,2,2,Non-Tech,Below College,Medium,Medium,Very High,Excellent,Very High,Good
1047,34,No,Travel_Rarely,216,Sales,1,Marketing,1,Male,75,2,Sales Executive,Divorced,9725,12278,0,Y,No,11,80,1,16,2,15,1,0,9,Non-Tech,Master,Medium,Very High,Very High,Excellent,Very High,Good
1049,45,No,Travel_Rarely,788,Human Resources,24,Medical,1,Male,36,1,Human Resources,Single,2177,8318,1,Y,No,16,80,0,6,3,6,3,0,4,Non-Tech,Master,Medium,High,Medium,Excellent,Low,Better
1050,53,No,Travel_Frequently,124,Sales,2,Marketing,1,Female,38,3,Sales Executive,Married,7525,23537,2,Y,No,12,80,1,30,2,15,7,6,12,Non-Tech,Bachelor,High,Medium,Medium,Excellent,Low,Better
1055,34,No,Travel_Rarely,1333,Sales,10,Life Sciences,1,Female,87,1,Sales Representative,Married,2220,18410,1,Y,Yes,19,80,1,1,2,1,1,0,0,Non-Tech,Master,High,High,High,Excellent,Very High,Better
1056,28,No,Travel_Rarely,1144,Sales,10,Medical,1,Male,74,1,Sales Representative,Married,1052,23384,1,Y,No,22,80,0,1,5,1,0,0,0,Non-Tech,Below College,Very High,High,Medium,Outstandingß,Medium,Better
1066,40,No,Travel_Rarely,300,Sales,26,Marketing,1,Male,74,2,Sales Executive,Married,8396,22217,1,Y,No,14,80,1,8,3,7,7,7,5,Non-Tech,Bachelor,High,High,Low,Excellent,Medium,Good
1070,54,No,Travel_Rarely,1082,Sales,2,Life Sciences,1,Female,41,3,Sales Executive,Married,10686,8392,6,Y,No,11,80,1,13,4,9,4,7,0,Non-Tech,Master,High,Medium,High,Excellent,Medium,Better
1076,43,No,Travel_Rarely,415,Sales,25,Medical,1,Male,79,3,Sales Executive,Divorced,10798,5268,5,Y,No,13,80,1,18,5,1,0,0,0,Non-Tech,Bachelor,High,Medium,Very High,Excellent,High,Better
1077,20,Yes,Travel_Frequently,769,Sales,9,Marketing,1,Female,54,1,Sales Representative,Single,2323,17205,1,Y,Yes,14,80,0,2,3,2,2,0,2,Non-Tech,Bachelor,Very High,High,Very High,Excellent,Medium,Better
1098,44,Yes,Travel_Rarely,1376,Human Resources,1,Medical,1,Male,91,3,Human Resources,Married,10482,2326,9,Y,No,14,80,1,24,1,20,6,3,6,Non-Tech,College,Medium,Medium,Low,Excellent,Very High,Better
1100,35,Yes,Travel_Rarely,1204,Sales,4,Technical Degree,1,Male,86,3,Sales Executive,Single,9582,10333,0,Y,Yes,22,80,0,9,2,8,7,4,7,Non-Tech,Bachelor,Very High,High,Low,Outstandingß,Low,Better
1105,37,No,Travel_Rarely,309,Sales,10,Life Sciences,1,Female,88,2,Sales Executive,Divorced,6694,24223,2,Y,Yes,14,80,3,8,5,1,0,0,0,Non-Tech,Master,Very High,Medium,Very High,Excellent,High,Better
1113,50,Yes,Travel_Frequently,959,Sales,1,Other,1,Male,81,2,Sales Executive,Single,4728,17251,3,Y,Yes,14,80,0,5,4,0,0,0,0,Non-Tech,Master,Very High,High,High,Excellent,Very High,Better
1114,33,No,Travel_Frequently,970,Sales,7,Life Sciences,1,Female,30,2,Sales Executive,Married,4302,13401,0,Y,No,17,80,1,4,3,3,2,0,2,Non-Tech,Bachelor,Very High,High,Medium,Excellent,High,Better
1117,45,No,Non-Travel,1050,Sales,9,Life Sciences,1,Female,65,2,Sales Executive,Married,5593,17970,1,Y,No,13,80,1,15,2,15,10,4,12,Non-Tech,Master,Medium,Medium,High,Excellent,Very High,Better
1119,38,No,Travel_Rarely,770,Sales,10,Marketing,1,Male,73,3,Sales Executive,Divorced,8740,5569,0,Y,Yes,14,80,2,9,2,8,7,2,7,Non-Tech,Master,High,Medium,High,Excellent,Medium,Better
1125,38,No,Travel_Rarely,130,Sales,2,Marketing,1,Male,32,3,Sales Executive,Single,7351,20619,7,Y,No,16,80,0,10,2,1,0,0,0,Non-Tech,College,Very High,High,Medium,Excellent,High,Better
1135,31,No,Travel_Frequently,793,Sales,20,Life Sciences,1,Male,67,1,Sales Representative,Married,2791,21981,0,Y,No,12,80,1,3,4,2,2,2,2,Non-Tech,Bachelor,High,Very High,Very High,Excellent,Low,Better
1137,35,No,Travel_Frequently,1182,Sales,11,Marketing,1,Male,54,2,Sales Executive,Divorced,4968,18500,1,Y,No,11,80,1,5,3,5,2,0,2,Non-Tech,College,Very High,High,Very High,Excellent,Very High,Better
1138,49,No,Travel_Rarely,174,Sales,8,Technical Degree,1,Male,56,4,Sales Executive,Married,13120,11879,6,Y,No,17,80,1,22,3,9,8,2,3,Non-Tech,Master,Very High,Medium,Medium,Excellent,Medium,Better
1152,38,No,Travel_Rarely,433,Human Resources,1,Human Resources,1,Male,37,1,Human Resources,Married,2844,6004,1,Y,No,13,80,1,7,2,7,6,5,0,Non-Tech,Bachelor,High,Very High,High,Excellent,Very High,Bestß
1157,33,Yes,Travel_Rarely,603,Sales,9,Marketing,1,Female,77,2,Sales Executive,Single,8224,18385,0,Y,Yes,17,80,0,6,3,5,2,0,3,Non-Tech,Master,Low,High,Low,Excellent,Low,Better
1163,34,No,Travel_Rarely,1400,Sales,9,Life Sciences,1,Female,70,2,Sales Executive,Married,5714,5829,1,Y,No,20,80,0,6,3,6,5,1,3,Non-Tech,Below College,Medium,High,High,Outstandingß,Low,Good
1164,35,No,Travel_Rarely,528,Human Resources,8,Technical Degree,1,Male,100,1,Human Resources,Single,4323,7108,1,Y,No,17,80,0,6,2,5,4,1,4,Non-Tech,Master,High,High,High,Excellent,Medium,Bad
1165,29,Yes,Travel_Rarely,408,Sales,23,Life Sciences,1,Female,45,3,Sales Executive,Married,7336,11162,1,Y,No,13,80,1,11,3,11,8,3,10,Non-Tech,Below College,Very High,Medium,Low,Excellent,Low,Bad
1167,42,Yes,Travel_Frequently,481,Sales,12,Life Sciences,1,Male,44,4,Sales Executive,Single,13758,2447,0,Y,Yes,12,80,0,22,2,21,9,13,14,Non-Tech,Bachelor,High,High,Low,Excellent,Medium,Good
1171,42,No,Travel_Rarely,647,Sales,4,Marketing,1,Male,45,2,Sales Executive,Single,5155,2253,7,Y,No,13,80,0,9,3,6,4,1,5,Non-Tech,Master,Medium,High,Low,Excellent,Very High,Bestß
1179,30,No,Travel_Rarely,852,Sales,10,Marketing,1,Male,72,2,Sales Executive,Married,6578,2706,1,Y,No,18,80,1,10,3,10,3,1,4,Non-Tech,Bachelor,High,Medium,High,Excellent,Low,Better
1188,43,Yes,Travel_Rarely,1372,Sales,9,Marketing,1,Female,85,2,Sales Executive,Single,5346,9489,8,Y,No,13,80,0,7,2,4,3,1,3,Non-Tech,Bachelor,Low,Low,High,Excellent,Medium,Good
1190,32,No,Non-Travel,862,Sales,2,Life Sciences,1,Female,76,1,Sales Representative,Divorced,2827,14947,1,Y,No,12,80,3,1,3,1,0,0,0,Non-Tech,Below College,High,High,Low,Excellent,High,Better
1207,33,No,Travel_Rarely,147,Human Resources,2,Human Resources,1,Male,99,1,Human Resources,Married,3600,8429,1,Y,No,13,80,1,5,2,5,4,1,4,Non-Tech,Bachelor,Medium,High,High,Excellent,Very High,Better
1211,30,No,Travel_Rarely,1329,Sales,29,Life Sciences,1,Male,61,2,Sales Executive,Divorced,4115,13192,8,Y,No,19,80,3,8,3,4,3,0,3,Non-Tech,Master,High,High,Low,Excellent,High,Better
1212,40,No,Travel_Frequently,1184,Sales,2,Medical,1,Male,62,2,Sales Executive,Married,4327,25440,5,Y,No,12,80,3,5,2,0,0,0,0,Non-Tech,Master,Medium,High,Medium,Excellent,Very High,Better
1218,35,No,Travel_Rarely,1361,Sales,17,Life Sciences,1,Male,94,2,Sales Executive,Married,8966,21026,3,Y,Yes,15,80,3,15,2,7,7,1,7,Non-Tech,Master,High,High,Low,Excellent,Very High,Better
1220,33,No,Travel_Frequently,1146,Sales,25,Medical,1,Female,82,2,Sales Executive,Married,4539,4905,1,Y,No,12,80,1,10,3,10,7,0,1,Non-Tech,Bachelor,Medium,High,High,Excellent,Low,Good
1226,20,No,Travel_Rarely,654,Sales,21,Marketing,1,Male,43,1,Sales Representative,Single,2678,5050,1,Y,No,17,80,0,2,2,2,1,2,2,Non-Tech,Bachelor,High,Very High,Very High,Excellent,Very High,Better
1231,42,No,Non-Travel,179,Human Resources,2,Medical,1,Male,79,2,Human Resources,Married,6272,12858,7,Y,No,16,80,1,10,3,4,3,0,3,Non-Tech,Doctor,Very High,Very High,Low,Excellent,Low,Bestß
1233,60,No,Travel_Rarely,696,Sales,7,Marketing,1,Male,52,2,Sales Executive,Divorced,5220,10893,0,Y,Yes,18,80,1,12,3,11,7,1,9,Non-Tech,Master,Medium,Very High,Very High,Excellent,Medium,Better
1239,40,No,Travel_Rarely,107,Sales,10,Technical Degree,1,Female,84,2,Sales Executive,Divorced,6852,11591,7,Y,No,12,80,1,7,2,5,1,1,3,Non-Tech,Bachelor,Medium,Medium,Medium,Excellent,Medium,Bestß
1240,25,No,Travel_Rarely,1356,Sales,10,Life Sciences,1,Male,57,2,Sales Executive,Single,4950,20623,0,Y,No,14,80,0,5,4,4,3,1,1,Non-Tech,Master,High,High,Very High,Excellent,Medium,Better
1243,35,No,Non-Travel,1212,Sales,8,Marketing,1,Female,78,3,Sales Executive,Married,10377,13755,4,Y,Yes,11,80,1,16,6,13,2,4,12,Non-Tech,College,High,Medium,Very High,Excellent,Medium,Good
1254,59,No,Travel_Rarely,326,Sales,3,Life Sciences,1,Female,48,2,Sales Executive,Single,5171,16490,5,Y,No,17,80,0,13,2,6,1,0,5,Non-Tech,Bachelor,High,Medium,Very High,Excellent,Very High,Better
1268,33,No,Travel_Rarely,536,Sales,10,Marketing,1,Male,82,3,Sales Executive,Divorced,8380,21708,0,Y,Yes,14,80,2,10,3,9,8,0,8,Non-Tech,Doctor,Very High,Very High,High,Excellent,Very High,Better
1273,25,Yes,Travel_Frequently,599,Sales,24,Life Sciences,1,Male,73,1,Sales Representative,Single,1118,8040,1,Y,Yes,14,80,0,1,4,1,0,1,0,Non-Tech,Below College,High,Low,Very High,Excellent,Very High,Better
1281,34,No,Travel_Rarely,131,Sales,2,Marketing,1,Female,86,2,Sales Executive,Single,4538,6039,0,Y,Yes,12,80,0,4,3,3,2,0,2,Non-Tech,Bachelor,High,High,Low,Excellent,Very High,Better
1289,34,No,Travel_Frequently,648,Human Resources,11,Life Sciences,1,Male,56,2,Human Resources,Married,4490,21833,4,Y,No,11,80,2,14,5,10,9,1,8,Non-Tech,Bachelor,High,Medium,Medium,Excellent,Very High,Bestß
1293,43,No,Travel_Rarely,531,Sales,4,Marketing,1,Female,56,3,Sales Executive,Single,10231,20364,3,Y,No,14,80,0,23,3,21,7,15,17,Non-Tech,Master,Very High,Medium,Very High,Excellent,Very High,Bestß
1304,32,No,Travel_Rarely,604,Sales,8,Medical,1,Male,56,2,Sales Executive,Married,6209,11693,1,Y,No,15,80,2,10,4,10,7,0,8,Non-Tech,Bachelor,High,Very High,Very High,Excellent,High,Bestß
1314,46,No,Travel_Rarely,991,Human Resources,1,Life Sciences,1,Female,44,1,Human Resources,Single,3423,22957,6,Y,No,12,80,0,10,3,7,6,5,7,Non-Tech,College,Very High,High,Low,Excellent,High,Bestß
1318,40,Yes,Travel_Rarely,299,Sales,25,Marketing,1,Male,57,3,Sales Executive,Single,9094,17235,2,Y,Yes,12,80,0,9,2,5,4,1,0,Non-Tech,Master,Very High,Medium,Medium,Excellent,High,Better
1319,52,Yes,Travel_Rarely,1030,Sales,5,Life Sciences,1,Male,64,3,Sales Executive,Single,8446,21534,9,Y,Yes,19,80,0,10,2,8,7,7,7,Non-Tech,Bachelor,Medium,High,Medium,Excellent,High,Good
1324,31,No,Non-Travel,587,Sales,2,Life Sciences,1,Female,57,3,Sales Executive,Divorced,9852,8935,1,Y,Yes,19,80,1,10,5,10,8,9,6,Non-Tech,Master,Very High,High,High,Excellent,Low,Good
1329,41,No,Non-Travel,256,Sales,10,Medical,1,Male,40,2,Sales Executive,Single,6151,22074,1,Y,No,13,80,0,19,4,19,2,11,9,Non-Tech,College,High,Low,Medium,Excellent,Low,Better
1331,31,Yes,Travel_Frequently,1060,Sales,1,Life Sciences,1,Female,54,1,Sales Representative,Single,2302,8319,1,Y,Yes,11,80,0,3,2,3,2,2,2,Non-Tech,Bachelor,Very High,High,Medium,Excellent,Low,Bestß
1349,41,No,Travel_Frequently,1018,Sales,1,Marketing,1,Female,66,2,Sales Executive,Divorced,4103,4297,0,Y,No,17,80,1,10,2,9,3,1,7,Non-Tech,Bachelor,High,High,Low,Excellent,Very High,Better
1355,38,No,Travel_Rarely,1009,Sales,2,Life Sciences,1,Female,31,2,Sales Executive,Divorced,6893,19461,3,Y,No,15,80,1,11,3,7,7,1,7,Non-Tech,College,Medium,High,Low,Excellent,Very High,Better
1356,34,No,Travel_Rarely,507,Sales,15,Medical,1,Female,66,2,Sales Executive,Single,6125,23553,1,Y,No,12,80,0,10,6,10,8,9,6,Non-Tech,College,High,High,Low,Excellent,Very High,Bestß
1362,36,No,Travel_Frequently,607,Sales,7,Marketing,1,Female,83,2,Sales Executive,Married,4639,2261,2,Y,No,16,80,1,17,2,15,7,6,13,Non-Tech,Bachelor,Low,Very High,Low,Excellent,Very High,Good
1364,27,No,Travel_Rarely,1291,Sales,11,Medical,1,Female,98,1,Sales Representative,Married,2534,6527,8,Y,No,14,80,1,5,4,1,0,0,0,Non-Tech,Bachelor,High,Very High,Very High,Excellent,Medium,Better
1371,27,No,Travel_Frequently,793,Sales,2,Life Sciences,1,Male,43,2,Sales Executive,Single,5071,20392,3,Y,No,20,80,0,8,3,6,2,0,0,Non-Tech,Below College,Very High,Low,Very High,Outstandingß,Medium,Better
1372,55,Yes,Travel_Rarely,267,Sales,13,Marketing,1,Male,85,4,Sales Executive,Single,13695,9277,6,Y,Yes,17,80,0,24,2,19,7,3,8,Non-Tech,Master,Low,Very High,High,Excellent,High,Good
1379,31,Yes,Travel_Frequently,703,Sales,2,Life Sciences,1,Female,90,1,Sales Representative,Single,2785,11882,7,Y,No,14,80,0,3,3,1,0,0,0,Non-Tech,Bachelor,High,Medium,Very High,Excellent,High,Bestß
1380,35,Yes,Travel_Frequently,662,Sales,18,Marketing,1,Female,67,2,Sales Executive,Married,4614,23288,0,Y,Yes,18,80,1,5,0,4,2,3,2,Non-Tech,Master,Very High,High,High,Excellent,High,Good
1387,28,No,Travel_Rarely,736,Sales,26,Life Sciences,1,Male,48,2,Sales Executive,Married,4724,24232,1,Y,No,11,80,1,5,0,5,3,0,4,Non-Tech,Bachelor,High,Medium,Low,Excellent,High,Better
1390,39,No,Travel_Rarely,1498,Sales,21,Life Sciences,1,Male,44,2,Sales Executive,Married,6120,3567,3,Y,Yes,12,80,2,8,2,5,4,1,4,Non-Tech,Master,Low,Medium,Very High,Excellent,Very High,Bestß
1391,51,No,Travel_Frequently,541,Sales,2,Marketing,1,Male,52,3,Sales Executive,Married,10596,15395,2,Y,No,11,80,0,14,5,4,2,3,2,Non-Tech,Bachelor,Medium,High,Medium,Excellent,Medium,Better
1395,33,No,Travel_Frequently,1111,Sales,5,Life Sciences,1,Male,61,2,Sales Executive,Married,9998,19293,6,Y,No,13,80,0,8,2,5,4,1,2,Non-Tech,Below College,Medium,High,Very High,Excellent,Low,Bestß
1396,32,No,Travel_Rarely,499,Sales,2,Marketing,1,Male,36,2,Sales Executive,Married,4078,20497,0,Y,Yes,13,80,3,4,3,3,2,1,2,Non-Tech,Below College,High,High,Medium,Excellent,Low,Good
1399,25,No,Travel_Rarely,1372,Sales,18,Life Sciences,1,Male,93,2,Sales Executive,Married,6232,12477,2,Y,No,11,80,0,6,3,3,2,1,2,Non-Tech,Below College,Low,Very High,High,Excellent,Medium,Good
1403,27,No,Travel_Rarely,205,Sales,10,Marketing,1,Female,98,2,Sales Executive,Married,5769,7100,1,Y,Yes,11,80,0,6,3,6,2,4,4,Non-Tech,Bachelor,Very High,Medium,Very High,Excellent,Very High,Better
1419,29,No,Travel_Rarely,332,Human Resources,17,Other,1,Male,51,3,Human Resources,Single,7988,9769,1,Y,No,13,80,0,10,3,10,9,0,9,Non-Tech,Bachelor,Medium,Medium,Low,Excellent,Low,Good
1425,36,No,Travel_Rarely,1174,Sales,3,Marketing,1,Female,99,2,Sales Executive,Single,9278,20763,3,Y,Yes,16,80,0,15,3,5,4,0,1,Non-Tech,Master,Low,High,Medium,Excellent,Very High,Better
1427,31,Yes,Travel_Frequently,667,Sales,1,Life Sciences,1,Female,50,1,Sales Representative,Single,1359,16154,1,Y,No,12,80,0,1,3,1,0,0,0,Non-Tech,Master,Medium,Low,High,Excellent,Medium,Better
1428,30,No,Travel_Rarely,855,Sales,7,Marketing,1,Female,73,2,Sales Executive,Divorced,4779,12761,7,Y,No,14,80,2,8,3,3,2,0,2,Non-Tech,Master,Very High,High,Low,Excellent,Medium,Better
1436,36,No,Travel_Rarely,329,Sales,16,Marketing,1,Female,98,2,Sales Executive,Married,5647,13494,4,Y,No,13,80,2,11,3,3,2,0,2,Non-Tech,Master,High,Medium,Low,Excellent,Low,Good
1439,25,Yes,Travel_Rarely,383,Sales,9,Life Sciences,1,Male,68,1,Sales Representative,Married,4400,15182,3,Y,No,12,80,0,6,2,3,2,2,2,Non-Tech,College,Low,Medium,Low,Excellent,Low,Better
1445,24,No,Travel_Rarely,1476,Sales,4,Medical,1,Female,42,2,Sales Executive,Married,4162,15211,1,Y,Yes,12,80,2,5,3,5,4,0,3,Non-Tech,Below College,Very High,High,High,Excellent,High,Better
1446,32,No,Travel_Rarely,601,Sales,7,Marketing,1,Male,97,2,Sales Executive,Married,9204,23343,4,Y,No,12,80,1,7,3,4,3,0,3,Non-Tech,Doctor,Very High,High,Very High,Excellent,High,Good
1453,31,No,Travel_Rarely,326,Sales,8,Life Sciences,1,Male,31,3,Sales Executive,Divorced,10793,8386,1,Y,No,18,80,1,13,5,13,7,9,9,Non-Tech,College,Low,High,Very High,Excellent,Low,Better
1457,46,Yes,Travel_Rarely,377,Sales,9,Marketing,1,Male,52,3,Sales Executive,Divorced,10096,15986,4,Y,No,11,80,1,28,1,7,7,4,3,Non-Tech,Bachelor,Low,High,Very High,Excellent,Low,Bestß
1461,31,No,Travel_Rarely,1398,Human Resources,8,Medical,1,Female,96,1,Human Resources,Single,2109,24609,9,Y,No,18,80,0,8,3,3,2,0,2,Non-Tech,College,Very High,Very High,Medium,Excellent,Very High,Better
1466,48,No,Travel_Rarely,1221,Sales,7,Marketing,1,Male,96,2,Sales Executive,Divorced,5486,24795,4,Y,No,11,80,3,15,3,2,2,2,2,Non-Tech,Bachelor,High,High,Low,Excellent,Low,Better
1467,34,Yes,Travel_Rarely,1107,Human Resources,9,Technical Degree,1,Female,52,1,Human Resources,Married,2742,3072,1,Y,No,15,80,0,2,0,2,2,2,2,Non-Tech,Master,Low,High,High,Excellent,Very High,Better
1469,28,No,Travel_Rarely,866,Sales,5,Medical,1,Male,84,2,Sales Executive,Single,8463,23490,0,Y,No,18,80,0,6,4,5,4,1,3,Non-Tech,Bachelor,Very High,High,Low,Excellent,Very High,Better
1477,33,No,Travel_Frequently,430,Sales,7,Medical,1,Male,54,2,Sales Executive,Married,4373,17456,0,Y,No,14,80,2,5,2,4,3,0,3,Non-Tech,Bachelor,Very High,High,Low,Excellent,Low,Better
1478,34,No,Travel_Rarely,1326,Sales,3,Other,1,Male,81,2,Sales Executive,Single,4759,15891,3,Y,No,18,80,0,15,2,13,9,3,12,Non-Tech,Bachelor,Very High,Low,Low,Excellent,Very High,Better
1479,30,No,Travel_Rarely,1358,Sales,16,Life Sciences,1,Male,96,2,Sales Executive,Married,5301,2939,8,Y,No,15,80,2,4,2,2,1,2,2,Non-Tech,Below College,Very High,High,High,Excellent,High,Good
1481,44,No,Travel_Frequently,383,Sales,1,Marketing,1,Female,79,2,Sales Executive,Married,4768,9282,7,Y,No,12,80,1,11,4,1,0,0,0,Non-Tech,Doctor,Low,High,High,Excellent,High,Good
1486,28,Yes,Travel_Frequently,1496,Sales,1,Technical Degree,1,Male,92,1,Sales Representative,Married,2909,15747,3,Y,No,15,80,1,5,3,3,2,1,2,Non-Tech,Bachelor,Low,High,High,Excellent,Very High,Bestß
1487,29,Yes,Travel_Frequently,115,Sales,13,Technical Degree,1,Female,51,2,Sales Executive,Single,5765,17485,5,Y,No,11,80,0,7,4,5,3,0,0,Non-Tech,Bachelor,Low,High,Medium,Excellent,Low,Bad
1489,34,Yes,Travel_Rarely,790,Sales,24,Medical,1,Female,40,2,Sales Executive,Single,4599,7815,0,Y,Yes,23,80,0,16,2,15,9,10,10,Non-Tech,Master,Low,Medium,Medium,Outstandingß,High,Bestß
1492,35,No,Travel_Rarely,660,Sales,7,Life Sciences,1,Male,76,1,Sales Representative,Married,2404,16192,1,Y,No,13,80,1,1,3,1,0,0,0,Non-Tech,Below College,Very High,High,High,Excellent,Low,Better
1495,24,No,Non-Travel,830,Sales,13,Life Sciences,1,Female,78,1,Sales Representative,Married,2033,7103,1,Y,No,13,80,1,1,2,1,0,0,0,Non-Tech,College,Very High,High,Medium,Excellent,High,Better
1497,29,No,Travel_Rarely,1246,Sales,19,Life Sciences,1,Male,77,2,Sales Executive,Divorced,8620,23757,1,Y,No,14,80,2,10,3,10,7,0,4,Non-Tech,Bachelor,High,Medium,High,Excellent,High,Better
1499,30,No,Travel_Rarely,330,Human Resources,1,Life Sciences,1,Male,46,1,Human Resources,Divorced,2064,15428,0,Y,No,21,80,1,6,3,5,3,1,3,Non-Tech,Bachelor,High,High,High,Outstandingß,Low,Bestß
1503,47,No,Travel_Rarely,571,Sales,14,Medical,1,Female,78,2,Sales Executive,Married,4591,24200,3,Y,Yes,17,80,1,11,4,5,4,1,2,Non-Tech,Bachelor,High,High,High,Excellent,High,Good
1507,28,No,Travel_Frequently,467,Sales,7,Life Sciences,1,Male,55,2,Sales Executive,Single,4898,11827,0,Y,No,14,80,0,5,5,4,2,1,3,Non-Tech,Bachelor,High,High,Low,Excellent,Very High,Better
1535,34,No,Travel_Rarely,971,Sales,1,Technical Degree,1,Male,64,3,Sales Executive,Married,7083,12288,1,Y,Yes,14,80,0,10,3,10,9,8,6,Non-Tech,Bachelor,Very High,Medium,High,Excellent,Very High,Better
1541,34,No,Travel_Rarely,1440,Sales,7,Technical Degree,1,Male,55,1,Sales Representative,Married,2308,4944,0,Y,Yes,25,80,1,12,4,11,10,5,7,Non-Tech,College,Medium,High,High,Outstandingß,Medium,Better
1548,40,No,Travel_Rarely,1342,Sales,9,Medical,1,Male,47,2,Sales Executive,Married,5473,19345,0,Y,No,12,80,0,9,5,8,4,7,1,Non-Tech,College,Low,High,Low,Excellent,Very High,Bestß
1554,35,No,Travel_Rarely,1402,Sales,28,Life Sciences,1,Female,98,1,Sales Representative,Married,2430,26204,0,Y,No,23,80,2,6,5,5,3,4,2,Non-Tech,Master,Medium,Medium,High,Outstandingß,Low,Better
1556,36,No,Travel_Rarely,1157,Sales,2,Life Sciences,1,Male,70,1,Sales Representative,Single,2644,17001,3,Y,Yes,21,80,0,7,3,3,2,1,2,Non-Tech,Master,High,High,Very High,Outstandingß,Very High,Good
1557,48,No,Travel_Rarely,492,Sales,16,Life Sciences,1,Female,96,2,Sales Executive,Divorced,6439,13693,8,Y,No,14,80,1,18,2,8,7,7,7,Non-Tech,Master,High,High,High,Excellent,High,Better
1560,33,No,Travel_Rarely,1242,Sales,8,Life Sciences,1,Male,46,2,Sales Executive,Married,6392,10589,2,Y,No,13,80,1,8,6,2,2,2,2,Non-Tech,Master,Low,High,Low,Excellent,Very High,Bad
1562,30,Yes,Travel_Rarely,740,Sales,1,Life Sciences,1,Male,64,2,Sales Executive,Married,9714,5323,1,Y,No,11,80,1,10,4,10,8,6,7,Non-Tech,Bachelor,Medium,Medium,Low,Excellent,Very High,Better
1563,38,No,Travel_Frequently,888,Human Resources,10,Human Resources,1,Male,71,2,Human Resources,Married,6077,14814,3,Y,No,11,80,0,10,2,6,3,1,2,Non-Tech,Master,High,High,High,Excellent,High,Better
1568,30,No,Travel_Rarely,1288,Sales,29,Technical Degree,1,Male,33,3,Sales Executive,Married,9250,17799,3,Y,No,12,80,1,9,3,4,2,1,3,Non-Tech,Master,High,High,Medium,Excellent,Medium,Better
1582,38,No,Travel_Rarely,1245,Sales,14,Life Sciences,1,Male,80,2,Sales Executive,Married,9924,12355,0,Y,No,11,80,1,10,3,9,8,7,7,Non-Tech,Bachelor,High,High,Medium,Excellent,Very High,Better
1583,38,No,Travel_Rarely,437,Sales,16,Life Sciences,1,Female,90,2,Sales Executive,Single,4198,16379,2,Y,No,12,80,0,8,5,3,2,1,2,Non-Tech,Bachelor,Medium,High,Medium,Excellent,Medium,Bestß
1585,36,No,Travel_Rarely,884,Sales,1,Life Sciences,1,Female,73,2,Sales Executive,Single,6815,21447,6,Y,No,13,80,0,15,5,1,0,0,0,Non-Tech,Master,Medium,High,High,Excellent,Low,Better
1588,39,No,Travel_Rarely,1462,Sales,6,Medical,1,Male,38,3,Sales Executive,Married,8237,4658,2,Y,No,11,80,1,11,3,7,6,7,6,Non-Tech,Bachelor,Very High,Very High,High,Excellent,Low,Better
1598,40,No,Travel_Rarely,118,Sales,14,Life Sciences,1,Female,84,2,Sales Executive,Married,4639,11262,1,Y,No,15,80,1,5,2,5,4,1,2,Non-Tech,College,Very High,High,Low,Excellent,High,Better
1612,45,No,Non-Travel,336,Sales,26,Marketing,1,Male,52,2,Sales Executive,Married,4385,24162,1,Y,No,15,80,1,10,2,10,7,4,5,Non-Tech,Bachelor,Low,Medium,Low,Excellent,Low,Better
1613,31,No,Travel_Frequently,715,Sales,2,Other,1,Male,54,2,Sales Executive,Single,5332,21602,7,Y,No,13,80,0,10,3,5,2,0,3,Non-Tech,Master,Very High,High,Low,Excellent,Very High,Better
1624,18,Yes,Travel_Frequently,544,Sales,3,Medical,1,Female,70,1,Sales Representative,Single,1569,18420,1,Y,Yes,12,80,0,0,2,0,0,0,0,Non-Tech,College,Medium,High,Very High,Excellent,High,Bestß
1639,35,Yes,Travel_Rarely,737,Sales,10,Medical,1,Male,55,3,Sales Executive,Married,10306,21530,9,Y,No,17,80,0,15,3,13,12,6,0,Non-Tech,Bachelor,Very High,Medium,Low,Excellent,High,Better
1642,44,No,Travel_Frequently,602,Human Resources,1,Human Resources,1,Male,37,2,Human Resources,Married,5743,10503,4,Y,Yes,11,80,0,14,3,10,7,0,2,Non-Tech,Doctor,Low,High,Very High,Excellent,High,Better
1645,35,Yes,Travel_Rarely,763,Sales,15,Medical,1,Male,59,2,Sales Executive,Divorced,5440,22098,6,Y,Yes,14,80,2,7,2,2,2,2,2,Non-Tech,College,Low,Low,Very High,Excellent,Very High,Good
1650,29,No,Travel_Rarely,469,Sales,10,Medical,1,Male,42,2,Sales Executive,Single,5869,23413,9,Y,No,11,80,0,8,2,5,2,1,4,Non-Tech,Bachelor,High,Medium,High,Excellent,High,Better
1657,20,No,Travel_Rarely,1141,Sales,2,Medical,1,Female,31,1,Sales Representative,Single,2783,13251,1,Y,No,19,80,0,2,3,2,2,2,2,Non-Tech,Bachelor,High,High,High,Excellent,Low,Better
1667,35,Yes,Travel_Frequently,880,Sales,12,Other,1,Male,36,2,Sales Executive,Single,4581,10414,3,Y,Yes,24,80,0,13,2,11,9,6,7,Non-Tech,Master,Very High,High,Very High,Outstandingß,Low,Bestß
1669,29,No,Travel_Rarely,991,Sales,5,Medical,1,Male,43,2,Sales Executive,Divorced,4187,3356,1,Y,Yes,13,80,1,10,3,10,0,0,9,Non-Tech,Bachelor,Low,Medium,Medium,Excellent,Medium,Good
1670,33,No,Travel_Rarely,392,Sales,2,Medical,1,Male,93,2,Sales Executive,Divorced,5505,3921,1,Y,No,14,80,2,6,5,6,2,0,4,Non-Tech,Master,Very High,High,Very High,Excellent,High,Better
1673,31,No,Travel_Rarely,1112,Sales,5,Life Sciences,1,Female,67,2,Sales Executive,Married,5476,22589,1,Y,No,11,80,2,10,2,10,0,0,2,Non-Tech,Master,Low,High,Very High,Excellent,Low,Better
1678,41,No,Travel_Rarely,1206,Sales,23,Life Sciences,1,Male,80,3,Sales Executive,Single,7082,11591,3,Y,Yes,16,80,0,21,2,2,0,0,2,Non-Tech,College,Very High,High,High,Excellent,Very High,Better
1680,20,No,Travel_Rarely,727,Sales,9,Life Sciences,1,Male,54,1,Sales Representative,Single,2728,21082,1,Y,No,11,80,0,2,3,2,2,0,2,Non-Tech,Below College,Very High,High,Low,Excellent,Low,Better
1681,33,No,Non-Travel,530,Sales,16,Life Sciences,1,Female,36,2,Sales Executive,Divorced,5368,16130,1,Y,Yes,25,80,1,7,2,6,5,1,2,Non-Tech,Bachelor,High,High,Very High,Outstandingß,High,Better
1683,44,No,Travel_Rarely,528,Human Resources,1,Life Sciences,1,Female,44,1,Human Resources,Divorced,3195,4167,4,Y,Yes,18,80,3,8,2,2,2,2,2,Non-Tech,Bachelor,High,High,Very High,Excellent,Low,Better
1691,48,Yes,Travel_Frequently,708,Sales,7,Medical,1,Female,95,1,Sales Representative,Married,2655,11740,2,Y,Yes,11,80,2,19,3,9,7,7,7,Non-Tech,College,Very High,High,High,Excellent,High,Better
1700,37,No,Travel_Frequently,1278,Sales,1,Medical,1,Male,31,2,Sales Executive,Divorced,9525,7677,1,Y,No,14,80,2,6,2,6,3,1,3,Non-Tech,Master,High,Low,Very High,Excellent,High,Good
1702,23,Yes,Travel_Rarely,427,Sales,7,Life Sciences,1,Male,99,1,Sales Representative,Divorced,2275,25103,1,Y,Yes,21,80,1,3,2,3,2,0,2,Non-Tech,Bachelor,High,High,Very High,Outstandingß,Medium,Better
1706,43,No,Travel_Rarely,1179,Sales,2,Medical,1,Male,73,2,Sales Executive,Married,7847,6069,1,Y,Yes,17,80,1,10,3,10,9,8,8,Non-Tech,Bachelor,Very High,High,Very High,Excellent,Low,Better
1708,41,No,Travel_Rarely,918,Sales,6,Marketing,1,Male,35,3,Sales Executive,Single,9241,15869,1,Y,No,12,80,0,10,3,10,8,8,7,Non-Tech,Bachelor,Very High,High,High,Excellent,Medium,Better
1710,36,No,Travel_Rarely,530,Sales,2,Life Sciences,1,Female,51,2,Sales Representative,Single,4502,7439,3,Y,No,15,80,0,17,2,13,7,6,7,Non-Tech,Master,High,High,Very High,Excellent,High,Good
1714,24,Yes,Travel_Rarely,240,Human Resources,22,Human Resources,1,Male,58,1,Human Resources,Married,1555,11585,1,Y,No,11,80,1,1,2,1,0,0,0,Non-Tech,Below College,Very High,Low,High,Excellent,High,Better
1716,47,Yes,Travel_Frequently,1093,Sales,9,Life Sciences,1,Male,82,4,Sales Executive,Married,12936,24164,7,Y,No,11,80,0,25,3,23,5,14,10,Non-Tech,Bachelor,High,Low,High,Excellent,High,Bad
1722,41,No,Non-Travel,552,Human Resources,4,Human Resources,1,Male,60,2,Human Resources,Married,6430,20794,6,Y,No,19,80,1,10,4,3,2,1,2,Non-Tech,Bachelor,High,Low,Medium,Excellent,Medium,Better
1731,47,No,Non-Travel,543,Sales,2,Marketing,1,Male,87,2,Sales Executive,Married,4978,3536,7,Y,No,11,80,1,4,3,1,0,0,0,Non-Tech,Master,High,High,Medium,Excellent,Very High,Bad
1732,46,No,Travel_Rarely,1277,Sales,2,Life Sciences,1,Male,74,3,Sales Executive,Divorced,10368,5596,4,Y,Yes,12,80,1,13,5,10,6,0,3,Non-Tech,Bachelor,High,High,Very High,Excellent,Medium,Good
1733,36,Yes,Travel_Rarely,1456,Sales,13,Marketing,1,Male,96,2,Sales Executive,Divorced,6134,8658,5,Y,Yes,13,80,3,16,3,2,2,2,2,Non-Tech,Doctor,Medium,Medium,Low,Excellent,Medium,Better
1734,32,Yes,Travel_Rarely,964,Sales,1,Life Sciences,1,Male,34,2,Sales Executive,Single,6735,12147,6,Y,No,15,80,0,10,2,0,0,0,0,Non-Tech,College,Low,Low,Medium,Excellent,Medium,Better
1739,32,No,Travel_Rarely,371,Sales,19,Life Sciences,1,Male,80,3,Sales Executive,Married,9610,3840,3,Y,No,13,80,1,10,2,4,3,0,2,Non-Tech,Bachelor,Very High,Low,High,Excellent,High,Bad
1744,45,No,Travel_Rarely,176,Human Resources,4,Life Sciences,1,Female,56,3,Human Resources,Married,9756,6595,4,Y,No,21,80,2,9,2,5,0,0,3,Non-Tech,Bachelor,High,Low,High,Outstandingß,High,Bestß
1746,24,No,Travel_Frequently,897,Human Resources,10,Medical,1,Male,59,1,Human Resources,Married,2145,2097,0,Y,No,14,80,1,3,2,2,2,2,1,Non-Tech,Bachelor,Low,High,Very High,Excellent,Very High,Better
1747,30,Yes,Travel_Frequently,600,Human Resources,8,Human Resources,1,Female,66,1,Human Resources,Divorced,2180,9732,6,Y,No,11,80,1,6,0,4,2,1,2,Non-Tech,Bachelor,High,Medium,Very High,Excellent,High,Good
1749,31,No,Travel_Rarely,1003,Sales,5,Technical Degree,1,Male,51,2,Sales Executive,Married,8346,20943,1,Y,No,19,80,1,6,3,5,2,0,2,Non-Tech,Bachelor,Low,High,High,Excellent,High,Better
1752,29,Yes,Travel_Rarely,428,Sales,9,Marketing,1,Female,52,1,Sales Representative,Single,2760,14630,1,Y,No,13,80,0,2,3,2,2,2,2,Non-Tech,Bachelor,Medium,Low,Medium,Excellent,High,Better
1754,30,No,Travel_Rarely,979,Sales,15,Marketing,1,Male,94,3,Sales Executive,Divorced,7140,3088,2,Y,No,11,80,1,12,2,7,7,1,7,Non-Tech,College,High,Medium,Low,Excellent,Low,Better
1756,33,No,Non-Travel,1283,Sales,2,Marketing,1,Female,62,2,Sales Executive,Single,5147,10697,8,Y,No,15,80,0,13,2,11,7,1,7,Non-Tech,Bachelor,Very High,High,Medium,Excellent,Very High,Good
1757,49,No,Travel_Rarely,1313,Sales,11,Marketing,1,Female,80,2,Sales Executive,Single,4507,8191,3,Y,No,12,80,0,8,1,5,1,0,4,Non-Tech,Master,Very High,High,Very High,Excellent,High,Bestß
1758,33,Yes,Travel_Rarely,211,Sales,16,Life Sciences,1,Female,74,3,Sales Executive,Single,8564,10092,2,Y,Yes,20,80,0,11,2,0,0,0,0,Non-Tech,Bachelor,Low,High,Low,Outstandingß,High,Good
1761,31,Yes,Travel_Rarely,1079,Sales,16,Marketing,1,Male,70,3,Sales Executive,Married,8161,19002,2,Y,No,13,80,3,10,2,1,0,0,0,Non-Tech,Master,Low,High,High,Excellent,Low,Better
1774,34,No,Non-Travel,1375,Sales,10,Life Sciences,1,Male,87,2,Sales Executive,Divorced,4001,12313,1,Y,Yes,14,80,1,15,3,15,14,0,7,Non-Tech,Bachelor,Very High,High,High,Excellent,High,Better
1778,43,No,Travel_Rarely,244,Human Resources,2,Life Sciences,1,Male,97,1,Human Resources,Single,3539,5033,0,Y,No,13,80,0,10,5,9,7,1,8,Non-Tech,Bachelor,Medium,High,Very High,Excellent,Medium,Better
1779,34,No,Travel_Rarely,511,Sales,3,Life Sciences,1,Female,32,2,Sales Executive,Single,6029,25353,5,Y,No,12,80,0,6,3,2,2,2,2,Non-Tech,College,Very High,Low,Very High,Excellent,Low,Better
1780,21,Yes,Travel_Rarely,337,Sales,7,Marketing,1,Male,31,1,Sales Representative,Single,2679,4567,1,Y,No,13,80,0,1,3,1,0,1,0,Non-Tech,Below College,Medium,High,Medium,Excellent,Medium,Better
1784,31,No,Travel_Rarely,196,Sales,29,Marketing,1,Female,91,2,Sales Executive,Married,5468,13402,1,Y,No,14,80,2,13,3,12,7,5,7,Non-Tech,Master,Low,Medium,Very High,Excellent,Low,Better
1787,37,No,Travel_Rarely,589,Sales,9,Marketing,1,Male,46,2,Sales Executive,Married,4189,8800,1,Y,No,14,80,2,5,2,5,2,0,3,Non-Tech,College,Medium,Medium,Medium,Excellent,Low,Better
1794,37,No,Travel_Rarely,1239,Human Resources,8,Other,1,Male,89,2,Human Resources,Divorced,4071,12832,2,Y,No,13,80,0,19,4,10,0,4,7,Non-Tech,College,High,High,Medium,Excellent,High,Good
1797,35,Yes,Travel_Rarely,303,Sales,27,Life Sciences,1,Male,84,2,Sales Executive,Single,5813,13492,1,Y,Yes,18,80,0,10,2,10,7,7,7,Non-Tech,Bachelor,High,High,Very High,Excellent,Very High,Better
1801,46,No,Non-Travel,849,Sales,26,Life Sciences,1,Male,98,2,Sales Executive,Single,7991,25166,8,Y,No,15,80,0,6,3,2,2,2,2,Non-Tech,College,Medium,Medium,Medium,Excellent,High,Better
1805,38,No,Non-Travel,1336,Human Resources,2,Human Resources,1,Male,100,1,Human Resources,Divorced,2592,7129,5,Y,No,13,80,3,13,3,11,10,3,8,Non-Tech,Bachelor,Low,High,Medium,Excellent,Very High,Better
1812,39,No,Travel_Frequently,766,Sales,20,Life Sciences,1,Male,83,2,Sales Executive,Divorced,4127,19188,2,Y,No,18,80,1,7,6,2,1,2,2,Non-Tech,Bachelor,High,High,Very High,Excellent,Very High,Better
1815,41,No,Travel_Rarely,796,Sales,4,Marketing,1,Female,81,3,Sales Executive,Divorced,10447,26458,0,Y,Yes,13,80,1,23,3,22,14,13,5,Non-Tech,Below College,High,High,High,Excellent,Very High,Bestß
1818,26,Yes,Travel_Rarely,920,Human Resources,20,Medical,1,Female,69,1,Human Resources,Married,2148,6889,0,Y,Yes,11,80,0,6,3,5,1,1,4,Non-Tech,College,Very High,High,Medium,Excellent,High,Better
1823,34,No,Travel_Rarely,810,Sales,8,Technical Degree,1,Male,92,2,Sales Executive,Married,6799,22128,1,Y,No,21,80,2,10,5,10,8,4,8,Non-Tech,College,Medium,Very High,High,Outstandingß,High,Better
1833,31,No,Travel_Frequently,1125,Sales,7,Marketing,1,Female,68,3,Sales Executive,Married,9637,8277,2,Y,No,14,80,2,9,3,3,2,2,2,Non-Tech,Master,Low,High,Low,Excellent,Very High,Better
1835,38,No,Travel_Rarely,723,Sales,2,Marketing,1,Female,77,2,Sales Representative,Married,5405,4244,2,Y,Yes,20,80,2,20,4,4,2,0,3,Non-Tech,Master,Medium,Low,Very High,Outstandingß,Low,Good
1836,26,No,Travel_Rarely,572,Sales,10,Medical,1,Male,46,2,Sales Executive,Single,4684,9125,1,Y,No,13,80,0,5,4,5,3,1,2,Non-Tech,Bachelor,High,High,Very High,Excellent,Low,Better
1842,31,Yes,Travel_Rarely,359,Human Resources,18,Human Resources,1,Male,89,1,Human Resources,Married,2956,21495,0,Y,No,17,80,0,2,4,1,0,0,0,Non-Tech,Doctor,Very High,Very High,Low,Excellent,High,Better
1844,29,Yes,Travel_Rarely,350,Human Resources,13,Human Resources,1,Male,56,1,Human Resources,Divorced,2335,3157,4,Y,Yes,15,80,3,4,3,2,2,2,0,Non-Tech,Bachelor,Low,Medium,Low,Excellent,Very High,Better
1845,45,No,Non-Travel,589,Sales,2,Life Sciences,1,Female,67,2,Sales Executive,Married,5154,19665,4,Y,No,22,80,2,10,3,8,7,5,7,Non-Tech,Master,High,High,High,Outstandingß,Medium,Bestß
1849,43,No,Travel_Frequently,1422,Sales,2,Life Sciences,1,Male,92,2,Sales Executive,Married,5675,19246,1,Y,No,20,80,1,7,5,7,7,7,7,Non-Tech,Master,Low,High,Very High,Outstandingß,High,Better
1853,32,No,Travel_Frequently,1318,Sales,10,Marketing,1,Male,79,2,Sales Executive,Single,4648,26075,8,Y,No,13,80,0,4,2,0,0,0,0,Non-Tech,Master,Very High,High,Very High,Excellent,High,Bestß
1858,28,No,Non-Travel,280,Human Resources,1,Life Sciences,1,Male,43,1,Human Resources,Divorced,2706,10494,1,Y,No,15,80,1,3,2,3,2,2,2,Non-Tech,College,High,High,Very High,Excellent,Medium,Better
1862,32,Yes,Travel_Rarely,414,Sales,2,Marketing,1,Male,82,2,Sales Executive,Single,9907,26186,7,Y,Yes,12,80,0,7,3,2,2,2,2,Non-Tech,Master,High,Medium,Medium,Excellent,High,Good
1863,46,No,Travel_Rarely,1319,Sales,3,Technical Degree,1,Female,45,4,Sales Executive,Divorced,13225,7739,2,Y,No,12,80,1,25,5,19,17,2,8,Non-Tech,Bachelor,Low,Very High,Low,Excellent,Very High,Better
1864,27,No,Travel_Rarely,728,Sales,23,Medical,1,Female,36,2,Sales Representative,Married,3540,7018,1,Y,No,21,80,1,9,5,9,8,5,8,Non-Tech,Below College,Medium,Medium,High,Outstandingß,Very High,Better
1865,29,No,Travel_Rarely,352,Human Resources,6,Medical,1,Male,87,1,Human Resources,Married,2804,15434,1,Y,No,11,80,0,1,3,1,0,0,0,Non-Tech,Below College,Very High,Medium,Medium,Excellent,Very High,Better
1869,46,Yes,Travel_Rarely,1254,Sales,10,Life Sciences,1,Female,64,3,Sales Executive,Married,7314,14011,5,Y,No,21,80,3,14,2,8,7,0,7,Non-Tech,Bachelor,High,High,Medium,Outstandingß,High,Better
1875,28,No,Travel_Rarely,1172,Sales,3,Medical,1,Female,78,1,Sales Representative,Married,2856,3692,1,Y,No,19,80,1,1,3,1,0,0,0,Non-Tech,Bachelor,Medium,High,Medium,Excellent,Very High,Better
1876,30,Yes,Travel_Rarely,945,Sales,9,Medical,1,Male,89,1,Sales Representative,Single,1081,16019,1,Y,No,13,80,0,1,3,1,0,0,0,Non-Tech,Bachelor,Medium,High,Very High,Excellent,High,Good
1880,36,No,Travel_Rarely,1266,Sales,10,Technical Degree,1,Female,63,2,Sales Executive,Married,5673,6060,1,Y,Yes,13,80,1,10,4,10,9,1,7,Non-Tech,Master,Medium,Medium,High,Excellent,Low,Better
1882,34,No,Travel_Rarely,1480,Sales,4,Life Sciences,1,Male,64,3,Sales Executive,Married,9713,24444,2,Y,Yes,13,80,3,9,3,5,3,1,0,Non-Tech,Bachelor,High,High,Very High,Excellent,Very High,Better
1890,36,No,Travel_Frequently,1213,Human Resources,2,Human Resources,1,Male,94,2,Human Resources,Single,3886,4223,1,Y,No,21,80,0,10,2,10,1,0,8,Non-Tech,Below College,Medium,Medium,Very High,Outstandingß,Very High,Good
1898,27,No,Travel_Rarely,511,Sales,2,Medical,1,Female,89,2,Sales Executive,Single,6500,26997,0,Y,No,14,80,0,9,5,8,7,0,7,Non-Tech,College,Low,Very High,High,Excellent,Medium,Good
1908,36,No,Travel_Rarely,335,Sales,17,Marketing,1,Male,33,2,Sales Executive,Married,5507,16822,2,Y,No,16,80,2,12,1,4,2,1,3,Non-Tech,College,High,Medium,Medium,Excellent,High,Bad
1909,41,No,Travel_Rarely,337,Sales,8,Marketing,1,Female,54,2,Sales Executive,Married,4393,26841,5,Y,No,21,80,1,14,3,5,4,1,4,Non-Tech,Bachelor,High,High,Medium,Outstandingß,High,Better
1912,31,No,Travel_Rarely,1079,Sales,10,Medical,1,Female,86,2,Sales Executive,Divorced,6583,20115,2,Y,Yes,11,80,1,8,2,5,2,1,4,Non-Tech,College,High,High,Very High,Excellent,Very High,Better
1915,34,No,Travel_Rarely,735,Sales,3,Medical,1,Female,75,2,Sales Executive,Married,8103,16495,3,Y,Yes,12,80,0,9,3,4,2,0,1,Non-Tech,Below College,Very High,Medium,Very High,Excellent,High,Good
1924,33,No,Travel_Rarely,217,Sales,10,Marketing,1,Male,43,2,Sales Executive,Single,5487,10410,1,Y,No,14,80,0,10,2,10,4,0,9,Non-Tech,Master,Medium,High,High,Excellent,Medium,Good
1927,28,No,Travel_Frequently,783,Sales,1,Life Sciences,1,Male,42,2,Sales Executive,Married,6834,19255,1,Y,Yes,12,80,1,7,2,7,7,0,7,Non-Tech,College,High,Medium,Very High,Excellent,High,Better
1928,29,Yes,Travel_Frequently,746,Sales,24,Technical Degree,1,Male,45,1,Sales Representative,Single,1091,10642,1,Y,No,17,80,0,1,3,1,0,0,0,Non-Tech,Bachelor,High,Very High,Low,Excellent,Very High,Better
1929,39,No,Non-Travel,1251,Sales,21,Life Sciences,1,Female,32,2,Sales Executive,Married,5736,3987,6,Y,No,19,80,1,10,1,3,2,1,2,Non-Tech,Master,Low,Low,High,Excellent,High,Better
1933,28,Yes,Travel_Rarely,1475,Sales,13,Marketing,1,Female,84,2,Sales Executive,Single,9854,23352,3,Y,Yes,11,80,0,6,0,2,0,2,2,Non-Tech,College,Very High,High,High,Excellent,Very High,Better
1935,56,No,Travel_Rarely,1443,Sales,11,Marketing,1,Female,89,2,Sales Executive,Married,5380,20328,4,Y,No,16,80,1,6,3,0,0,0,0,Non-Tech,Doctor,Very High,Medium,Low,Excellent,High,Better
1943,42,No,Travel_Rarely,419,Sales,12,Marketing,1,Male,77,2,Sales Executive,Divorced,5087,2900,3,Y,Yes,12,80,2,14,4,0,0,0,0,Non-Tech,Master,Medium,High,Very High,Excellent,High,Better
1944,27,Yes,Travel_Frequently,1337,Human Resources,22,Human Resources,1,Female,58,1,Human Resources,Married,2863,19555,1,Y,No,12,80,0,1,2,1,0,0,0,Non-Tech,Bachelor,Low,Medium,Medium,Excellent,Low,Better
1945,35,No,Travel_Rarely,682,Sales,18,Medical,1,Male,71,2,Sales Executive,Married,5561,15975,0,Y,No,16,80,1,6,2,5,3,0,4,Non-Tech,Master,Medium,High,Low,Excellent,Very High,Bad
1950,34,No,Travel_Rarely,937,Sales,1,Marketing,1,Male,32,3,Sales Executive,Single,9888,6770,1,Y,No,21,80,0,14,3,14,8,2,1,Non-Tech,Bachelor,Low,High,Very High,Outstandingß,Low,Good
1951,34,No,Travel_Rarely,1239,Sales,13,Medical,1,Male,39,3,Sales Executive,Divorced,8628,22914,1,Y,No,18,80,1,9,2,8,7,1,1,Non-Tech,Master,Very High,High,High,Excellent,High,Good
1961,38,No,Travel_Rarely,1404,Sales,1,Life Sciences,1,Male,59,1,Sales Representative,Single,2858,11473,4,Y,No,14,80,0,20,3,1,0,0,0,Non-Tech,Bachelor,Low,Medium,Low,Excellent,Low,Good
1962,35,No,Travel_Rarely,1224,Sales,7,Life Sciences,1,Female,55,2,Sales Executive,Married,5204,13586,1,Y,Yes,11,80,0,10,2,10,8,0,9,Non-Tech,Master,High,High,Very High,Excellent,Very High,Better
1965,27,No,Travel_Rarely,954,Sales,9,Marketing,1,Male,44,2,Sales Executive,Single,4105,5099,1,Y,No,14,80,0,7,5,7,7,0,7,Non-Tech,Bachelor,Very High,High,Very High,Excellent,Low,Better
1967,31,Yes,Travel_Frequently,754,Sales,26,Marketing,1,Male,63,2,Sales Executive,Married,5617,21075,1,Y,Yes,11,80,0,10,4,10,7,0,8,Non-Tech,Master,Low,High,Very High,Excellent,High,Better
1968,53,Yes,Travel_Rarely,1168,Sales,24,Life Sciences,1,Male,66,3,Sales Executive,Single,10448,5843,6,Y,Yes,13,80,0,15,2,2,2,2,2,Non-Tech,Master,Low,High,Low,Excellent,Medium,Good
1972,38,No,Travel_Frequently,1444,Human Resources,1,Other,1,Male,88,1,Human Resources,Married,2991,5224,0,Y,Yes,11,80,1,7,2,6,2,1,2,Non-Tech,Master,Very High,High,Medium,Excellent,Medium,Better
1975,39,No,Travel_Rarely,119,Sales,15,Marketing,1,Male,77,4,Sales Executive,Single,13341,25098,0,Y,No,12,80,0,21,3,20,8,11,10,Non-Tech,Master,Medium,High,Low,Excellent,Low,Better
1986,40,No,Travel_Rarely,444,Sales,2,Marketing,1,Female,92,2,Sales Executive,Married,5677,4258,3,Y,No,14,80,1,15,4,11,8,5,10,Non-Tech,College,Medium,High,Medium,Excellent,High,Better
1987,25,No,Travel_Rarely,309,Human Resources,2,Human Resources,1,Female,82,1,Human Resources,Married,2187,19655,4,Y,No,14,80,0,6,3,2,0,1,2,Non-Tech,Bachelor,High,High,Medium,Excellent,High,Better
1995,38,No,Travel_Rarely,1321,Sales,1,Life Sciences,1,Male,86,2,Sales Executive,Married,4440,7636,0,Y,No,15,80,2,16,3,15,13,5,8,Non-Tech,Master,Very High,High,Medium,Excellent,Low,Better
1996,31,No,Travel_Rarely,1154,Sales,2,Life Sciences,1,Male,54,1,Sales Representative,Married,3067,6393,0,Y,No,19,80,1,3,1,2,2,1,2,Non-Tech,College,Low,High,High,Excellent,High,Better
2013,32,No,Travel_Rarely,234,Sales,1,Medical,1,Male,68,1,Sales Representative,Married,2269,18024,0,Y,No,14,80,1,3,2,2,2,2,2,Non-Tech,Master,Medium,Medium,Medium,Excellent,Medium,Better
2016,32,No,Travel_Rarely,801,Sales,1,Marketing,1,Female,48,3,Sales Executive,Married,10422,24032,1,Y,No,19,80,2,14,3,14,10,5,7,Non-Tech,Master,High,High,Very High,Excellent,High,Better
2018,25,No,Travel_Rarely,1382,Sales,8,Other,1,Female,85,2,Sales Executive,Divorced,4907,13684,0,Y,Yes,22,80,1,6,3,5,3,0,4,Non-Tech,College,Low,High,High,Outstandingß,Medium,Good
2019,52,No,Non-Travel,585,Sales,29,Life Sciences,1,Male,40,1,Sales Representative,Divorced,3482,19788,2,Y,No,15,80,2,16,3,9,8,0,0,Non-Tech,Master,Low,High,Very High,Excellent,Medium,Good
2021,21,No,Travel_Rarely,501,Sales,5,Medical,1,Male,58,1,Sales Representative,Single,2380,25479,1,Y,Yes,11,80,0,2,6,2,2,1,2,Non-Tech,Below College,High,High,Low,Excellent,Very High,Better
2023,23,Yes,Travel_Frequently,638,Sales,9,Marketing,1,Male,33,1,Sales Representative,Married,1790,26956,1,Y,No,19,80,1,1,3,1,0,1,0,Non-Tech,Bachelor,Very High,High,Low,Excellent,Low,Good
2024,36,No,Travel_Rarely,557,Sales,3,Medical,1,Female,94,3,Sales Executive,Married,7644,12695,0,Y,No,19,80,2,10,2,9,7,3,4,Non-Tech,Bachelor,Low,Medium,Very High,Excellent,High,Better
2035,34,No,Travel_Rarely,704,Sales,28,Marketing,1,Female,95,2,Sales Executive,Married,6712,8978,1,Y,No,21,80,2,8,2,8,7,1,7,Non-Tech,Bachelor,Very High,Medium,High,Outstandingß,Very High,Better
2036,36,No,Non-Travel,301,Sales,15,Marketing,1,Male,88,2,Sales Executive,Divorced,5406,10436,1,Y,No,24,80,1,15,4,15,12,11,11,Non-Tech,Master,Very High,Low,Very High,Outstandingß,Low,Good
2037,41,No,Travel_Rarely,930,Sales,3,Life Sciences,1,Male,57,2,Sales Executive,Divorced,8938,12227,2,Y,No,11,80,1,14,5,5,4,0,4,Non-Tech,Bachelor,High,Medium,Medium,Excellent,High,Better
2040,35,No,Travel_Rarely,1146,Human Resources,26,Life Sciences,1,Female,31,3,Human Resources,Single,8837,16642,1,Y,Yes,16,80,0,9,2,9,0,1,7,Non-Tech,Master,High,High,Very High,Excellent,High,Better
2041,38,No,Travel_Rarely,345,Sales,10,Life Sciences,1,Female,100,2,Sales Executive,Married,5343,5982,1,Y,No,11,80,1,10,1,10,7,1,9,Non-Tech,College,Low,High,Very High,Excellent,High,Better
2044,50,Yes,Travel_Frequently,878,Sales,1,Life Sciences,1,Male,94,2,Sales Executive,Divorced,6728,14255,7,Y,No,12,80,2,12,3,6,3,0,1,Non-Tech,Master,Medium,High,High,Excellent,Very High,Better
2045,36,No,Travel_Rarely,1120,Sales,11,Marketing,1,Female,100,2,Sales Executive,Married,6652,14369,4,Y,No,13,80,1,8,2,6,3,0,0,Non-Tech,Master,Medium,Medium,Very High,Excellent,Low,Good
2046,45,No,Travel_Rarely,374,Sales,20,Life Sciences,1,Female,50,2,Sales Executive,Single,4850,23333,8,Y,No,15,80,0,8,3,5,3,0,1,Non-Tech,Bachelor,Very High,High,High,Excellent,High,Better
2055,50,Yes,Travel_Rarely,410,Sales,28,Marketing,1,Male,39,3,Sales Executive,Divorced,10854,16586,4,Y,Yes,13,80,1,20,3,3,2,2,0,Non-Tech,Bachelor,Very High,Medium,Low,Excellent,Medium,Better
2056,39,No,Travel_Rarely,722,Sales,24,Marketing,1,Female,60,4,Sales Executive,Married,12031,8828,0,Y,No,11,80,1,21,2,20,9,9,6,Non-Tech,Below College,Medium,Medium,Very High,Excellent,Low,Good
2060,26,No,Travel_Rarely,1167,Sales,5,Other,1,Female,30,1,Sales Representative,Single,2966,21378,0,Y,No,18,80,0,5,2,4,2,0,0,Non-Tech,Bachelor,Very High,Medium,High,Excellent,Very High,Better
2065,49,No,Travel_Frequently,1023,Sales,2,Medical,1,Male,63,2,Sales Executive,Married,5390,13243,2,Y,No,14,80,0,17,3,9,6,0,8,Non-Tech,Bachelor,Very High,Medium,Medium,Excellent,Very High,Good
