EmployeeNumber,Age,Attrition,BusinessTravel,DailyRate,Department,DistanceFromHome,Education,EducationField,EnvironmentSatisfaction,Gender,HourlyRate,JobInvolvement,JobLevel,JobRole,JobSatisfaction,MaritialStatus,MonthlyIncome,MonthlyRate,NumCompaniesWorked,OverTime,PercentSalaryHike,PerformanceRating,RelationshipSatisfaction,StockOptionLevel,TotalWorkingYears,TrainingTimesLastYear,WorkLifeBalance,YearsAtCompany,YearsInCurrentRole,YearsSinceLastPromotion,YearsWithCurrManager
12,38,No,Travel_Frequently,216,Research & Development,23,Bachelor,Life Sciences,Very High,Male,44,Medium,3,Manufacturing Director,High,Single,9526,8787,0,No,21,Outstanding,2,0,10,2,Better,9,7,1,8
20,29,No,Travel_Rarely,1389,Research & Development,21,Master,Life Sciences,Medium,Female,51,Very High,3,Manufacturing Director,Low,Divorced,9980,10195,1,No,11,Excellent,3,1,10,1,Better,10,9,8,8
23,53,No,Travel_Rarely,1219,Sales,2,Master,Life Sciences,Low,Female,78,Medium,4,Manager,Very High,Married,15427,22021,2,No,16,Excellent,3,0,31,3,Better,25,8,3,7
26,24,No,Non-Travel,673,Research & Development,11,College,Other,Low,Female,96,Very High,2,Manufacturing Director,High,Divorced,4011,8232,0,No,18,Excellent,4,1,5,5,Good,4,2,1,3
28,34,No,Travel_Rarely,419,Research & Development,7,Master,Life Sciences,Low,Female,53,High,3,Research Director,Medium,Single,11994,21293,0,No,11,Excellent,3,0,13,4,Better,12,6,2,11
32,53,No,Travel_Rarely,1282,Research & Development,5,Bachelor,Other,High,Female,58,High,5,Manager,High,Divorced,19094,10735,4,No,11,Excellent,4,1,26,3,Good,14,13,4,8
38,46,No,Travel_Rarely,705,Sales,2,Master,Marketing,Medium,Female,83,High,5,Manager,Low,Single,18947,22822,3,No,12,Excellent,4,0,22,2,Good,2,2,2,1
58,41,Yes,Travel_Rarely,1360,Research & Development,12,Bachelor,Technical Degree,Medium,Female,49,High,5,Research Director,High,Married,19545,16280,1,No,12,Excellent,4,0,23,0,Better,22,15,15,8
73,33,No,Travel_Frequently,515,Research & Development,1,College,Life Sciences,Low,Female,98,High,3,Research Director,Very High,Single,13458,15146,1,Yes,12,Excellent,3,0,15,1,Better,15,14,8,12
77,37,No,Travel_Rarely,1115,Research & Development,1,Master,Life Sciences,Low,Male,51,Medium,2,Manufacturing Director,High,Divorced,5993,2689,1,No,18,Excellent,3,1,7,2,Best,7,5,0,7
78,32,No,Travel_Rarely,427,Research & Development,1,Bachelor,Medical,Low,Male,33,High,2,Manufacturing Director,Very High,Married,6162,10877,1,Yes,22,Outstanding,2,1,9,3,Better,9,8,7,8
80,50,No,Travel_Rarely,989,Research & Development,7,College,Medical,Medium,Female,43,Medium,5,Research Director,High,Divorced,18740,16701,5,Yes,12,Excellent,4,1,29,2,Good,27,3,13,8
84,55,No,Travel_Rarely,836,Research & Development,8,Bachelor,Medical,Very High,Female,33,High,4,Manager,High,Divorced,14756,19730,2,Yes,14,Excellent,3,3,21,2,Better,5,0,0,2
85,36,No,Travel_Frequently,1195,Research & Development,11,Bachelor,Life Sciences,Medium,Male,95,Medium,2,Manufacturing Director,Medium,Single,6499,22656,1,No,13,Excellent,3,0,6,3,Better,6,5,0,3
98,31,No,Travel_Rarely,746,Research & Development,8,Master,Life Sciences,High,Female,61,High,2,Manufacturing Director,Very High,Single,4424,20682,1,No,23,Outstanding,4,0,11,2,Better,11,7,1,8
101,45,No,Travel_Rarely,193,Research & Development,6,Master,Other,Very High,Male,52,High,3,Research Director,Low,Married,13245,15067,4,Yes,14,Excellent,2,0,17,3,Best,0,0,0,0
102,37,No,Travel_Rarely,397,Research & Development,7,Master,Medical,Low,Male,30,High,3,Research Director,High,Single,13664,25258,4,No,13,Excellent,1,0,16,3,Best,5,2,0,2
110,34,No,Travel_Rarely,1153,Research & Development,1,College,Medical,Low,Male,94,High,2,Manufacturing Director,Medium,Married,4325,17736,1,No,15,Excellent,3,0,5,2,Better,5,2,1,3
112,56,No,Travel_Rarely,1400,Research & Development,7,Bachelor,Life Sciences,Very High,Male,49,Low,3,Manufacturing Director,Very High,Single,7260,21698,4,No,11,Excellent,1,0,37,3,Good,6,4,0,2
126,54,No,Travel_Rarely,1217,Research & Development,2,Master,Technical Degree,Low,Female,60,High,3,Research Director,High,Married,13549,24001,9,No,12,Excellent,1,1,16,5,Bad,4,3,0,3
140,59,No,Non-Travel,1420,Human Resources,2,Master,Human Resources,High,Female,32,Medium,5,Manager,Very High,Married,18844,21922,9,No,21,Outstanding,4,1,30,3,Better,3,2,2,2
141,50,No,Travel_Frequently,1115,Research & Development,1,Bachelor,Life Sciences,Low,Female,73,High,5,Research Director,Medium,Married,18172,9755,3,Yes,19,Excellent,1,0,28,1,Good,8,3,0,7
148,54,No,Non-Travel,142,Human Resources,26,Bachelor,Human Resources,Very High,Female,30,Very High,4,Manager,Very High,Single,17328,13871,2,Yes,12,Excellent,3,0,23,3,Better,5,3,4,4
153,34,No,Travel_Rarely,1354,Research & Development,5,Bachelor,Medical,High,Female,45,Medium,3,Manager,Low,Single,11631,5615,2,No,12,Excellent,4,0,14,6,Better,11,10,5,8
158,43,No,Travel_Frequently,394,Sales,26,College,Life Sciences,High,Male,92,High,4,Manager,Very High,Married,16959,19494,1,Yes,12,Excellent,4,2,25,3,Best,25,12,4,12
162,51,No,Travel_Rarely,684,Research & Development,6,Bachelor,Life Sciences,Low,Male,51,High,5,Research Director,High,Single,19537,6462,7,No,13,Excellent,3,0,23,5,Better,20,18,15,15
170,49,No,Travel_Rarely,470,Research & Development,20,Master,Medical,High,Female,96,High,2,Manufacturing Director,Low,Married,6567,5549,1,No,14,Excellent,3,0,16,2,Good,15,11,5,11
178,36,No,Travel_Rarely,216,Research & Development,6,College,Medical,Medium,Male,84,High,2,Manufacturing Director,Medium,Divorced,4941,2819,6,No,20,Outstanding,4,2,7,0,Better,3,2,0,1
179,51,Yes,Travel_Frequently,1150,Research & Development,8,Master,Life Sciences,Low,Male,53,Low,3,Manufacturing Director,Very High,Single,10650,25150,2,No,15,Excellent,4,0,18,2,Better,4,2,0,3
199,41,No,Travel_Frequently,857,Research & Development,10,Bachelor,Life Sciences,Very High,Male,91,Medium,4,Manager,Low,Divorced,17181,12888,4,No,13,Excellent,2,1,21,2,Good,7,6,7,7
208,29,No,Non-Travel,1496,Research & Development,1,Below College,Technical Degree,Very High,Male,41,High,2,Manufacturing Director,High,Married,4319,26283,1,No,13,Excellent,1,1,10,1,Better,10,7,0,9
211,51,No,Travel_Rarely,1169,Research & Development,7,Master,Medical,Medium,Male,34,Medium,2,Manufacturing Director,High,Married,6132,13983,2,No,17,Excellent,3,0,10,2,Better,1,0,0,0
226,50,No,Travel_Rarely,1452,Research & Development,11,Bachelor,Life Sciences,High,Female,53,High,5,Manager,Medium,Single,19926,17053,3,No,15,Excellent,2,0,21,5,Better,5,4,4,4
250,53,No,Travel_Rarely,1084,Research & Development,13,College,Medical,Very High,Female,57,Very High,2,Manufacturing Director,Low,Divorced,4450,26250,1,No,11,Excellent,3,2,5,3,Better,4,2,1,3
253,40,No,Travel_Rarely,989,Research & Development,4,Below College,Medical,Very High,Female,46,High,5,Manager,High,Married,19033,6499,1,No,14,Excellent,2,1,21,2,Better,20,8,9,9
254,55,No,Travel_Rarely,692,Research & Development,14,Master,Medical,High,Male,61,Very High,5,Research Director,Medium,Single,18722,13339,8,No,11,Excellent,4,0,36,3,Better,24,15,2,15
256,34,No,Travel_Frequently,1069,Research & Development,2,Below College,Life Sciences,Very High,Male,45,Medium,2,Manufacturing Director,High,Married,9547,14074,1,No,17,Excellent,3,0,10,2,Good,10,9,1,9
259,52,No,Travel_Rarely,699,Research & Development,1,Master,Life Sciences,High,Male,65,Medium,5,Manager,High,Married,19999,5678,0,No,14,Excellent,1,1,34,5,Better,33,18,11,9
261,35,Yes,Travel_Rarely,556,Research & Development,23,College,Life Sciences,Medium,Male,50,Medium,2,Manufacturing Director,High,Married,5916,15497,3,Yes,13,Excellent,1,0,8,1,Better,1,0,0,1
264,45,No,Non-Travel,1195,Research & Development,2,College,Medical,Low,Male,65,Medium,4,Manager,Very High,Married,16792,20462,9,No,23,Outstanding,4,1,22,1,Better,20,8,11,8
270,42,No,Non-Travel,926,Research & Development,21,College,Medical,High,Female,36,High,2,Manufacturing Director,High,Divorced,5265,16439,2,No,16,Excellent,2,1,11,5,Better,5,3,0,2
271,38,No,Travel_Rarely,1261,Research & Development,2,Master,Life Sciences,Very High,Male,88,High,2,Manufacturing Director,High,Married,6553,7259,9,No,14,Excellent,2,0,14,3,Better,1,0,0,0
273,38,No,Travel_Rarely,1084,Research & Development,29,Bachelor,Technical Degree,Very High,Male,54,High,2,Manufacturing Director,Very High,Married,6261,4185,3,No,18,Excellent,1,1,9,3,Bad,7,7,1,7
274,27,No,Travel_Frequently,472,Research & Development,1,Below College,Technical Degree,High,Male,60,Medium,2,Manufacturing Director,Low,Married,4298,9679,5,No,19,Excellent,3,1,6,1,Better,2,2,2,0
275,49,No,Non-Travel,1002,Research & Development,18,Master,Life Sciences,Very High,Male,92,High,2,Manufacturing Director,Very High,Divorced,6804,23793,1,Yes,15,Excellent,1,2,7,0,Better,7,7,1,7
292,30,No,Non-Travel,829,Research & Development,1,Below College,Life Sciences,High,Male,88,Medium,3,Manufacturing Director,High,Single,8474,20925,1,No,22,Outstanding,3,0,12,2,Better,11,8,5,8
296,51,No,Travel_Rarely,1469,Research & Development,8,Master,Life Sciences,Medium,Male,81,Medium,3,Research Director,Medium,Married,12490,15736,5,No,16,Excellent,4,2,16,5,Bad,10,9,4,7
298,41,No,Travel_Rarely,896,Sales,6,Bachelor,Life Sciences,Very High,Female,75,High,3,Manager,Very High,Single,13591,14674,3,Yes,18,Excellent,3,0,16,3,Better,1,0,0,0
306,37,No,Travel_Frequently,663,Research & Development,11,Bachelor,Other,Medium,Male,47,High,3,Research Director,Very High,Divorced,12185,10056,1,Yes,14,Excellent,3,3,10,1,Better,10,8,0,7
308,31,No,Non-Travel,979,Research & Development,1,Master,Medical,High,Male,90,Low,2,Manufacturing Director,High,Married,4345,4381,0,No,12,Excellent,4,1,6,2,Better,5,4,1,4
319,42,No,Travel_Rarely,532,Research & Development,4,College,Technical Degree,High,Male,58,High,5,Manager,Very High,Married,19232,4933,1,No,11,Excellent,4,0,22,3,Better,22,17,11,15
323,50,No,Travel_Rarely,854,Sales,1,Master,Medical,Very High,Female,68,High,5,Manager,Very High,Divorced,19517,24118,3,No,11,Excellent,3,1,32,3,Good,7,0,0,6
327,43,No,Travel_Rarely,1034,Sales,16,Bachelor,Marketing,Very High,Female,80,High,4,Manager,Very High,Married,16064,7744,5,Yes,22,Outstanding,3,1,22,3,Better,17,13,1,9
329,52,No,Non-Travel,771,Sales,2,Master,Life Sciences,Low,Male,79,Medium,5,Manager,High,Single,19068,21030,1,Yes,18,Excellent,4,0,33,2,Best,33,7,15,12
336,45,No,Travel_Rarely,252,Research & Development,1,Bachelor,Other,High,Male,70,Very High,5,Manager,Very High,Married,19202,15970,0,No,11,Excellent,3,1,25,2,Better,24,0,1,7
337,31,No,Travel_Frequently,1327,Research & Development,3,Master,Medical,Medium,Male,73,High,3,Research Director,High,Divorced,13675,13523,9,No,12,Excellent,1,1,9,3,Better,2,2,2,2
339,34,No,Travel_Rarely,470,Research & Development,2,Master,Life Sciences,Very High,Male,84,Medium,2,Manufacturing Director,Low,Married,5957,23687,6,No,13,Excellent,2,1,13,3,Better,11,9,5,9
341,45,No,Travel_Frequently,1199,Research & Development,7,Master,Life Sciences,Low,Male,77,Very High,2,Manufacturing Director,High,Married,6434,5118,4,No,17,Excellent,4,1,9,1,Better,3,2,0,2
342,37,Yes,Travel_Frequently,504,Research & Development,10,Bachelor,Medical,Low,Male,61,High,3,Manufacturing Director,High,Divorced,10048,22573,6,No,11,Excellent,2,2,17,5,Better,1,0,0,0
350,25,No,Travel_Rarely,685,Research & Development,1,Bachelor,Life Sciences,Low,Female,62,High,2,Manufacturing Director,High,Married,4898,7505,0,No,12,Excellent,4,2,5,3,Better,4,2,1,2
352,40,No,Travel_Rarely,1416,Research & Development,2,College,Medical,Low,Male,49,High,5,Research Director,High,Divorced,19436,5949,0,No,19,Excellent,4,1,22,5,Better,21,7,3,9
363,46,No,Travel_Rarely,488,Sales,2,Bachelor,Technical Degree,High,Female,75,Low,4,Manager,Medium,Married,16872,14977,3,Yes,12,Excellent,2,1,28,2,Good,7,7,7,7
374,55,No,Travel_Rarely,452,Research & Development,1,Bachelor,Medical,Very High,Male,81,High,5,Manager,Low,Single,19045,18938,0,Yes,14,Excellent,3,0,37,2,Better,36,10,4,13
376,47,Yes,Non-Travel,666,Research & Development,29,Master,Life Sciences,Low,Male,88,High,3,Manager,Medium,Married,11849,10268,1,Yes,12,Excellent,4,1,10,2,Good,10,7,9,9
380,37,No,Non-Travel,728,Research & Development,1,Master,Medical,Low,Female,80,High,3,Research Director,Very High,Divorced,13603,11677,2,Yes,18,Excellent,1,2,15,2,Better,5,2,0,2
381,35,No,Travel_Rarely,1315,Research & Development,22,Bachelor,Life Sciences,Medium,Female,71,Very High,3,Manager,Medium,Divorced,11996,19100,7,No,18,Excellent,2,1,10,6,Good,7,7,6,2
384,26,No,Travel_Frequently,1479,Research & Development,1,Bachelor,Life Sciences,High,Female,84,High,2,Manufacturing Director,Medium,Divorced,6397,26767,1,No,20,Outstanding,1,1,6,6,Bad,6,5,1,4
385,50,No,Travel_Rarely,797,Research & Development,4,Below College,Life Sciences,Low,Male,96,High,5,Research Director,Medium,Divorced,19144,15815,3,No,14,Excellent,1,2,28,4,Good,10,4,1,6
386,53,No,Travel_Rarely,1070,Research & Development,3,Master,Medical,High,Male,45,High,4,Research Director,High,Married,17584,21016,3,Yes,16,Excellent,4,3,21,5,Good,5,3,1,3
396,49,No,Travel_Frequently,636,Research & Development,10,Master,Life Sciences,High,Female,35,High,5,Research Director,Low,Single,18665,25594,9,Yes,11,Excellent,4,0,22,4,Better,3,2,1,2
408,51,No,Travel_Rarely,1302,Research & Development,2,Bachelor,Medical,Very High,Male,84,Low,2,Manufacturing Director,Medium,Divorced,5482,16321,5,No,18,Excellent,4,1,13,3,Better,4,1,1,2
410,41,No,Travel_Rarely,334,Sales,2,Master,Life Sciences,Very High,Male,88,High,4,Manager,Medium,Single,16015,15896,1,No,19,Excellent,2,0,22,2,Better,22,10,0,4
421,38,No,Travel_Rarely,849,Research & Development,25,College,Life Sciences,Low,Female,81,Medium,3,Research Director,Medium,Married,12061,26707,3,No,17,Excellent,3,1,19,2,Better,10,8,0,1
428,33,No,Travel_Frequently,553,Research & Development,5,Master,Life Sciences,Very High,Female,74,High,3,Manager,Medium,Married,11878,23364,6,No,11,Excellent,2,2,12,2,Better,10,6,8,8
429,39,No,Travel_Rarely,117,Research & Development,10,Below College,Medical,High,Male,99,High,4,Manager,Low,Married,17068,5355,1,Yes,14,Excellent,4,0,21,3,Better,21,9,11,10
442,31,No,Travel_Frequently,798,Research & Development,7,College,Life Sciences,High,Female,48,Medium,3,Manufacturing Director,High,Married,8943,14034,1,No,24,Outstanding,1,1,10,2,Better,10,9,8,9
444,39,No,Travel_Frequently,672,Research & Development,7,College,Medical,High,Male,54,Medium,5,Manager,Very High,Married,19272,21141,1,No,15,Excellent,1,1,21,2,Better,21,9,13,3
447,47,No,Travel_Rarely,1482,Research & Development,5,Doctor,Life Sciences,Very High,Male,42,High,5,Research Director,High,Married,18300,16375,4,No,11,Excellent,2,1,21,2,Better,3,2,1,1
460,37,No,Travel_Rarely,1192,Research & Development,5,College,Medical,Very High,Male,61,High,2,Manufacturing Director,Very High,Divorced,6347,23177,7,No,16,Excellent,3,2,8,2,Good,6,2,0,4
461,38,No,Travel_Rarely,343,Research & Development,15,College,Life Sciences,High,Male,92,Medium,3,Research Director,Very High,Divorced,11510,15682,0,Yes,14,Excellent,2,1,12,3,Better,11,10,2,9
462,31,No,Travel_Rarely,1232,Research & Development,7,Master,Medical,High,Female,39,High,3,Manufacturing Director,Very High,Single,7143,25713,1,Yes,14,Excellent,3,0,11,2,Good,11,9,4,10
464,35,No,Travel_Rarely,1296,Research & Development,5,Master,Technical Degree,High,Male,62,High,3,Manufacturing Director,Medium,Single,8095,18264,0,No,13,Excellent,4,0,17,5,Better,16,6,0,13
466,41,No,Travel_Rarely,483,Research & Development,6,Bachelor,Medical,Very High,Male,95,Medium,2,Manufacturing Director,Medium,Single,6032,10110,6,Yes,15,Excellent,4,0,8,3,Better,5,4,1,2
468,42,No,Travel_Rarely,810,Research & Development,23,Doctor,Life Sciences,Low,Female,44,High,4,Research Director,Very High,Single,15992,15901,2,No,14,Excellent,2,0,16,2,Better,1,0,0,0
473,48,No,Travel_Rarely,530,Sales,29,Below College,Medical,Low,Female,91,High,3,Manager,High,Married,12504,23978,3,No,21,Outstanding,2,1,15,3,Bad,0,0,0,0
487,46,No,Non-Travel,1144,Research & Development,7,Master,Medical,High,Female,30,High,2,Manufacturing Director,High,Married,5258,16044,2,No,14,Excellent,3,0,7,2,Best,1,0,0,0
505,55,No,Travel_Rarely,1311,Research & Development,2,Bachelor,Life Sciences,High,Female,97,High,4,Manager,Very High,Single,16659,23258,2,Yes,13,Excellent,3,0,30,2,Better,5,4,1,2
518,37,No,Travel_Rarely,1305,Research & Development,10,Master,Life Sciences,High,Male,49,High,2,Manufacturing Director,Medium,Single,4197,21123,2,Yes,12,Excellent,4,0,18,2,Good,1,0,0,1
520,43,No,Travel_Rarely,982,Research & Development,12,Bachelor,Life Sciences,Low,Male,59,Medium,4,Research Director,Medium,Divorced,14336,4345,1,No,11,Excellent,3,1,25,3,Better,25,10,3,9
522,54,No,Travel_Rarely,821,Research & Development,5,College,Medical,Low,Male,86,High,5,Research Director,Low,Married,19406,8509,4,No,11,Excellent,3,1,24,4,Good,4,2,1,2
524,31,No,Travel_Rarely,480,Research & Development,7,College,Medical,Medium,Female,31,High,2,Manufacturing Director,Low,Married,4306,4156,1,No,12,Excellent,2,1,13,5,Bad,13,10,3,12
531,39,No,Travel_Frequently,1218,Research & Development,1,Below College,Life Sciences,Medium,Male,52,High,5,Manager,High,Divorced,19197,8213,1,Yes,14,Excellent,3,1,21,3,Better,21,8,1,6
543,52,No,Travel_Rarely,319,Research & Development,3,Bachelor,Medical,Very High,Male,39,Medium,3,Manufacturing Director,High,Married,7969,19609,2,Yes,14,Excellent,3,0,28,4,Better,5,4,0,4
546,52,No,Travel_Rarely,1490,Research & Development,4,College,Life Sciences,Very High,Female,30,High,4,Manager,Very High,Married,16555,10310,2,No,13,Excellent,4,0,31,2,Bad,5,2,1,4
548,30,No,Travel_Rarely,317,Research & Development,2,Bachelor,Life Sciences,High,Female,43,Low,2,Manufacturing Director,Very High,Single,6091,24793,2,No,20,Outstanding,3,0,11,2,Better,5,4,0,2
549,60,No,Travel_Rarely,422,Research & Development,7,Bachelor,Life Sciences,Low,Female,41,High,5,Manager,Low,Married,19566,3854,5,No,11,Excellent,4,0,33,5,Bad,29,8,11,10
550,46,No,Travel_Rarely,1485,Research & Development,18,Bachelor,Medical,High,Female,87,High,2,Manufacturing Director,High,Divorced,4810,26314,2,No,14,Excellent,3,1,19,5,Good,10,7,0,8
558,40,No,Travel_Rarely,1398,Sales,2,Master,Life Sciences,High,Female,79,High,5,Manager,High,Married,18041,13022,0,No,14,Excellent,4,0,21,2,Better,20,15,1,12
564,29,No,Travel_Rarely,986,Research & Development,3,Master,Medical,Medium,Male,93,Medium,3,Research Director,High,Married,11935,21526,1,No,18,Excellent,3,0,10,2,Better,10,2,0,7
568,57,No,Travel_Rarely,210,Sales,29,Bachelor,Marketing,Low,Male,56,Medium,4,Manager,Very High,Divorced,14118,22102,3,No,12,Excellent,3,1,32,3,Good,1,0,0,0
569,50,No,Travel_Rarely,1099,Research & Development,29,Master,Life Sciences,Medium,Male,88,Medium,4,Manager,High,Married,17046,9314,0,No,15,Excellent,2,1,28,2,Better,27,10,15,7
574,47,No,Travel_Rarely,983,Research & Development,2,College,Medical,Low,Female,65,High,2,Manufacturing Director,Very High,Divorced,5070,7389,5,No,13,Excellent,3,3,20,2,Better,5,0,0,4
575,46,No,Travel_Rarely,1009,Research & Development,2,Bachelor,Life Sciences,Low,Male,51,High,4,Research Director,High,Married,17861,2288,6,No,13,Excellent,3,0,26,2,Bad,3,2,0,1
581,31,No,Travel_Rarely,1274,Research & Development,9,Below College,Life Sciences,High,Male,33,High,3,Manufacturing Director,Medium,Divorced,10648,14394,1,No,25,Outstanding,4,1,13,6,Best,13,8,0,8
582,33,Yes,Travel_Rarely,1277,Research & Development,15,Below College,Medical,Medium,Male,56,High,3,Manager,High,Married,13610,24619,7,Yes,12,Excellent,4,0,15,2,Best,7,6,7,7
597,55,No,Travel_Rarely,1117,Sales,18,Doctor,Life Sciences,Low,Female,83,High,4,Manager,Medium,Single,16835,9873,3,No,23,Outstanding,4,0,37,2,Better,10,9,7,7
601,40,No,Travel_Rarely,302,Research & Development,6,Bachelor,Life Sciences,Medium,Female,75,High,4,Manufacturing Director,High,Single,13237,20364,7,No,15,Excellent,3,0,22,3,Better,20,6,5,13
605,42,No,Travel_Rarely,319,Research & Development,24,Bachelor,Medical,Very High,Male,56,High,3,Manufacturing Director,Low,Married,7406,6950,1,Yes,21,Outstanding,4,1,10,5,Good,10,9,5,8
611,29,No,Travel_Rarely,232,Research & Development,19,Bachelor,Technical Degree,Very High,Male,34,High,2,Manufacturing Director,Very High,Divorced,4262,22645,4,No,12,Excellent,2,2,8,2,Best,3,2,1,2
612,33,No,Travel_Rarely,922,Research & Development,1,Doctor,Medical,Low,Female,95,Very High,4,Research Director,High,Divorced,16184,22578,4,No,19,Excellent,3,1,10,2,Better,6,1,0,5
613,31,No,Travel_Rarely,688,Sales,7,Bachelor,Life Sciences,High,Male,44,Medium,3,Manager,Very High,Divorced,11557,25291,9,No,21,Outstanding,3,1,10,3,Good,5,4,0,1
623,37,No,Travel_Rarely,799,Research & Development,1,Bachelor,Technical Degree,Medium,Female,59,High,3,Manufacturing Director,Very High,Single,7491,23848,4,No,17,Excellent,4,0,12,3,Best,6,5,1,2
625,41,No,Travel_Rarely,1276,Sales,2,Doctor,Life Sciences,Medium,Female,91,High,4,Manager,Low,Married,16595,5626,7,No,16,Excellent,2,1,22,2,Better,18,16,11,8
635,37,No,Travel_Rarely,446,Research & Development,1,Master,Life Sciences,Medium,Female,65,High,2,Manufacturing Director,Medium,Married,6447,15701,6,No,12,Excellent,2,1,8,2,Good,6,5,4,3
638,49,No,Travel_Rarely,1245,Research & Development,18,Master,Life Sciences,Very High,Male,58,Medium,5,Research Director,High,Divorced,19502,2125,1,Yes,17,Excellent,3,1,31,5,Better,31,9,0,9
644,50,No,Travel_Frequently,1246,Human Resources,3,Bachelor,Medical,Low,Male,99,High,5,Manager,Medium,Married,18200,7999,1,No,11,Excellent,3,1,32,2,Better,32,5,10,7
661,43,No,Travel_Rarely,782,Research & Development,6,Master,Other,Medium,Male,50,Medium,4,Research Director,Very High,Divorced,16627,2671,4,Yes,14,Excellent,3,1,21,3,Good,1,0,0,0
664,48,No,Travel_Rarely,1236,Research & Development,1,Master,Life Sciences,Very High,Female,40,Medium,4,Manager,Low,Married,15402,17997,7,No,11,Excellent,1,1,21,3,Bad,3,2,0,2
671,44,No,Travel_Rarely,1315,Research & Development,3,Master,Other,Very High,Male,35,High,5,Manager,Very High,Married,19513,9358,4,Yes,12,Excellent,1,1,26,2,Best,2,2,0,1
689,37,No,Travel_Rarely,482,Research & Development,3,Bachelor,Other,High,Male,36,High,3,Manufacturing Director,High,Married,9434,9606,1,No,15,Excellent,3,1,10,2,Better,10,7,7,8
699,36,No,Travel_Rarely,913,Research & Development,9,College,Medical,Medium,Male,48,Medium,2,Manufacturing Director,Medium,Divorced,8847,13934,2,Yes,11,Excellent,3,1,13,2,Better,3,2,0,2
1133,36,No,Non-Travel,217,Research & Development,18,Master,Life Sciences,Low,Male,78,High,2,Manufacturing Director,Very High,Single,7779,23238,2,No,20,Outstanding,1,0,18,0,Better,11,9,0,9
725,27,No,Travel_Rarely,608,Research & Development,1,College,Life Sciences,High,Female,68,High,3,Manufacturing Director,Low,Married,7412,6009,1,No,11,Excellent,4,0,9,3,Better,9,7,0,7
727,32,No,Travel_Rarely,1018,Research & Development,3,College,Life Sciences,High,Female,39,High,3,Research Director,Very High,Single,11159,19373,3,No,15,Excellent,4,0,10,6,Better,7,7,7,7
730,53,No,Travel_Rarely,970,Research & Development,7,Bachelor,Life Sciences,High,Male,59,Very High,4,Research Director,High,Married,14814,13514,3,No,19,Excellent,3,0,32,3,Better,5,1,1,3
731,41,No,Travel_Rarely,427,Human Resources,10,Master,Human Resources,Medium,Male,73,Medium,5,Manager,Very High,Divorced,19141,8861,3,No,15,Excellent,2,3,23,2,Good,21,6,12,6
733,27,No,Travel_Frequently,294,Research & Development,10,College,Life Sciences,Very High,Male,32,High,3,Manufacturing Director,Low,Divorced,8793,4809,1,No,21,Outstanding,3,2,9,4,Good,9,7,1,7
734,41,No,Travel_Rarely,314,Human Resources,1,Bachelor,Human Resources,Very High,Male,59,Medium,5,Manager,High,Married,19189,19562,1,No,12,Excellent,2,1,22,3,Better,22,7,2,10
742,36,No,Non-Travel,427,Research & Development,8,Bachelor,Life Sciences,Low,Female,63,Very High,3,Research Director,Low,Married,11713,20335,9,No,14,Excellent,1,1,10,2,Better,8,7,0,5
743,38,No,Travel_Rarely,168,Research & Development,1,Bachelor,Life Sciences,High,Female,81,High,3,Manufacturing Director,High,Single,7861,15397,4,Yes,14,Excellent,4,0,10,4,Best,1,0,0,0
775,34,No,Travel_Rarely,167,Research & Development,8,Doctor,Life Sciences,Medium,Female,32,High,2,Manufacturing Director,Low,Divorced,5121,4187,3,No,14,Excellent,3,1,7,3,Better,0,0,0,0
776,52,No,Travel_Rarely,621,Sales,3,Master,Marketing,High,Male,31,Medium,4,Manager,Low,Married,16856,10084,1,No,11,Excellent,1,0,34,3,Best,34,6,1,16
787,55,Yes,Travel_Rarely,725,Research & Development,2,Bachelor,Medical,Very High,Male,78,High,5,Manager,Low,Married,19859,21199,5,Yes,13,Excellent,4,1,24,2,Better,5,2,1,4
799,54,No,Travel_Rarely,376,Research & Development,19,Master,Medical,Very High,Female,95,High,2,Manufacturing Director,Low,Divorced,5485,22670,9,Yes,11,Excellent,2,2,9,4,Better,5,3,1,4
803,38,No,Travel_Frequently,240,Research & Development,2,Master,Life Sciences,Low,Female,75,Very High,2,Manufacturing Director,Low,Single,5980,26085,6,Yes,12,Excellent,4,0,17,2,Better,15,7,4,12
809,42,No,Travel_Frequently,570,Research & Development,8,Bachelor,Life Sciences,Medium,Male,66,High,5,Manager,Very High,Divorced,18430,16225,1,No,13,Excellent,2,1,24,4,Good,24,7,14,9
815,50,No,Travel_Rarely,691,Research & Development,2,Bachelor,Medical,High,Male,64,High,4,Research Director,High,Married,17639,6881,5,No,16,Excellent,4,0,30,3,Better,4,3,0,3
817,33,No,Travel_Rarely,213,Research & Development,7,Bachelor,Medical,High,Male,49,High,3,Research Director,High,Married,11691,25995,0,No,11,Excellent,4,0,14,3,Best,13,9,3,7
820,47,No,Travel_Rarely,202,Research & Development,2,College,Other,High,Female,33,High,4,Manager,Very High,Married,16752,12982,1,Yes,11,Excellent,3,1,26,3,Good,26,14,3,0
823,36,No,Travel_Rarely,676,Research & Development,1,Bachelor,Other,High,Female,35,High,2,Manufacturing Director,Medium,Married,5228,23361,0,No,15,Excellent,1,1,10,2,Better,9,7,0,5
825,58,Yes,Travel_Rarely,286,Research & Development,2,Master,Life Sciences,Very High,Male,31,High,5,Research Director,Medium,Single,19246,25761,7,Yes,12,Excellent,4,0,40,2,Better,31,15,13,8
827,42,No,Travel_Rarely,932,Research & Development,1,College,Life Sciences,Very High,Female,43,Medium,2,Manufacturing Director,Very High,Married,6062,4051,9,Yes,13,Excellent,4,1,8,4,Better,4,3,0,2
830,32,No,Travel_Rarely,859,Research & Development,4,Bachelor,Life Sciences,High,Female,98,Medium,2,Manufacturing Director,High,Married,6162,19124,1,No,12,Excellent,3,1,14,3,Better,14,13,6,8
833,30,No,Travel_Rarely,946,Research & Development,2,Bachelor,Medical,High,Female,52,Medium,2,Manufacturing Director,Very High,Single,6877,20234,5,Yes,24,Outstanding,2,0,12,4,Good,0,0,0,0
836,42,No,Travel_Rarely,933,Research & Development,29,Bachelor,Life Sciences,Medium,Male,98,High,2,Manufacturing Director,Medium,Married,4434,11806,1,No,13,Excellent,4,1,10,3,Good,9,8,7,8
843,43,No,Travel_Rarely,589,Research & Development,14,College,Life Sciences,Medium,Male,94,High,4,Research Director,Low,Married,17159,5200,6,No,24,Outstanding,3,1,22,3,Better,4,1,1,0
844,27,No,Travel_Rarely,269,Research & Development,5,Below College,Technical Degree,High,Male,42,Medium,3,Research Director,Very High,Divorced,12808,8842,1,Yes,16,Excellent,2,1,9,3,Better,9,8,0,8
845,35,No,Travel_Rarely,950,Research & Development,7,Bachelor,Other,High,Male,59,High,3,Manufacturing Director,High,Single,10221,18869,3,No,21,Outstanding,2,0,17,3,Best,8,5,1,6
851,51,No,Travel_Rarely,1318,Sales,26,Master,Marketing,Low,Female,66,High,4,Manager,High,Married,16307,5594,2,No,14,Excellent,3,1,29,2,Good,20,6,4,17
867,52,No,Travel_Frequently,890,Research & Development,25,Master,Medical,High,Female,81,Medium,4,Manufacturing Director,Very High,Married,13826,19028,3,No,22,Outstanding,3,0,31,3,Better,9,8,0,0
872,22,No,Travel_Rarely,1230,Research & Development,1,College,Life Sciences,Very High,Male,33,Medium,2,Manufacturing Director,Very High,Married,4775,19146,6,No,22,Outstanding,1,2,4,2,Bad,2,2,2,2
880,35,No,Travel_Rarely,607,Research & Development,9,Bachelor,Life Sciences,Very High,Female,66,Medium,3,Manufacturing Director,High,Married,10685,23457,1,Yes,20,Outstanding,2,1,17,2,Better,17,14,5,15
899,35,No,Travel_Rarely,672,Research & Development,25,Bachelor,Technical Degree,Very High,Male,78,Medium,3,Manufacturing Director,Medium,Married,10903,9129,3,No,16,Excellent,1,0,16,2,Better,13,10,4,8
901,53,No,Travel_Rarely,102,Research & Development,23,Master,Life Sciences,Very High,Female,72,High,4,Research Director,Very High,Single,14275,20206,6,No,18,Excellent,3,0,33,0,Better,12,9,3,8
905,50,No,Non-Travel,881,Research & Development,2,Master,Life Sciences,Low,Male,98,High,4,Manager,Low,Divorced,17924,4544,1,No,11,Excellent,4,1,31,3,Better,31,6,14,7
920,43,No,Travel_Rarely,177,Research & Development,8,Bachelor,Life Sciences,Low,Female,55,High,2,Manufacturing Director,Medium,Divorced,4765,23814,4,No,21,Outstanding,3,1,4,2,Best,1,0,0,0
926,22,Yes,Travel_Rarely,617,Research & Development,3,Below College,Life Sciences,Medium,Female,34,High,2,Manufacturing Director,High,Married,4171,10022,0,Yes,19,Excellent,1,1,4,3,Best,3,2,0,2
950,38,No,Travel_Rarely,1333,Research & Development,1,Bachelor,Technical Degree,Very High,Female,80,High,3,Research Director,Low,Married,13582,16292,1,No,13,Excellent,2,1,15,3,Better,15,12,5,11
966,32,No,Travel_Rarely,498,Research & Development,3,Master,Medical,High,Female,93,High,2,Manufacturing Director,Low,Married,6725,13554,1,No,12,Excellent,3,1,8,2,Best,8,7,6,3
976,52,No,Travel_Rarely,1053,Research & Development,1,College,Life Sciences,Very High,Male,70,High,4,Manager,Very High,Married,17099,13829,2,No,15,Excellent,2,1,26,2,Good,9,8,7,8
981,53,No,Travel_Rarely,1376,Sales,2,College,Medical,High,Male,45,High,4,Manager,High,Divorced,14852,13938,6,No,13,Excellent,3,1,22,3,Best,17,13,15,2
987,47,No,Travel_Frequently,1379,Research & Development,16,Master,Medical,High,Male,64,Very High,2,Manufacturing Director,High,Divorced,5067,6759,1,Yes,19,Excellent,3,0,20,3,Best,19,10,2,7
992,33,No,Non-Travel,722,Sales,17,Bachelor,Life Sciences,Very High,Male,38,High,4,Manager,High,Single,17444,20489,1,No,11,Excellent,4,0,10,2,Better,10,8,6,0
997,50,No,Travel_Rarely,1126,Research & Development,1,College,Medical,Very High,Male,66,High,4,Research Director,Very High,Divorced,17399,6615,9,No,22,Outstanding,3,1,32,1,Good,5,4,1,3
999,41,No,Travel_Frequently,840,Research & Development,9,Bachelor,Medical,Low,Male,64,High,5,Research Director,High,Divorced,19419,3735,2,No,17,Excellent,2,1,21,2,Best,18,16,0,11
1005,50,No,Travel_Rarely,939,Research & Development,24,Bachelor,Life Sciences,Very High,Male,95,High,4,Manufacturing Director,High,Married,13973,4161,3,Yes,18,Excellent,4,1,22,2,Better,12,11,1,5
1007,46,No,Travel_Rarely,566,Research & Development,7,College,Medical,Very High,Male,75,High,3,Manufacturing Director,High,Divorced,10845,24208,6,No,13,Excellent,2,1,13,3,Better,8,7,0,7
1009,24,No,Travel_Rarely,1206,Research & Development,17,Below College,Medical,Very High,Female,41,Medium,2,Manufacturing Director,High,Divorced,4377,24117,1,No,15,Excellent,2,2,5,6,Better,4,2,3,2
1011,31,No,Travel_Frequently,853,Research & Development,1,Below College,Life Sciences,High,Female,96,High,2,Manufacturing Director,Low,Married,4148,11275,1,No,12,Excellent,3,1,4,1,Better,4,3,0,3
1013,54,No,Travel_Rarely,1441,Research & Development,17,Bachelor,Technical Degree,High,Female,56,High,3,Manufacturing Director,High,Married,10739,13943,8,No,11,Excellent,3,1,22,2,Better,10,7,0,8
1015,30,No,Travel_Rarely,153,Research & Development,8,College,Life Sciences,Medium,Female,73,Very High,3,Research Director,Low,Married,11416,17802,0,Yes,12,Excellent,3,3,9,4,Good,8,7,1,7
1018,26,No,Travel_Rarely,1066,Research & Development,2,College,Medical,Very High,Male,32,Very High,2,Manufacturing Director,Very High,Married,5472,3334,1,No,12,Excellent,2,0,8,2,Better,8,7,1,3
1025,41,No,Travel_Rarely,549,Research & Development,7,College,Medical,Very High,Female,42,High,2,Manufacturing Director,High,Single,5003,23371,6,No,14,Excellent,2,0,8,6,Better,2,2,2,1
1026,39,No,Travel_Rarely,466,Research & Development,1,Below College,Life Sciences,Very High,Female,65,Medium,4,Manufacturing Director,Very High,Married,12742,7060,1,No,16,Excellent,3,1,21,3,Better,21,6,11,8
1027,27,No,Travel_Rarely,1055,Research & Development,2,Master,Life Sciences,Low,Female,47,High,2,Manufacturing Director,Very High,Married,4227,4658,0,No,18,Excellent,2,1,4,2,Better,3,2,2,2
1029,42,No,Travel_Rarely,265,Sales,5,College,Marketing,Very High,Male,90,High,5,Manager,High,Married,18303,7770,6,No,13,Excellent,2,0,21,3,Best,1,0,0,0
1032,59,No,Travel_Rarely,715,Research & Development,2,Bachelor,Life Sciences,High,Female,69,Medium,4,Manufacturing Director,Very High,Single,13726,21829,3,Yes,13,Excellent,1,0,30,4,Better,5,3,4,3
1035,41,No,Non-Travel,247,Research & Development,7,Below College,Life Sciences,Medium,Female,55,Low,5,Research Director,High,Divorced,19973,20284,1,No,22,Outstanding,2,2,21,3,Better,21,16,5,10
1038,52,Yes,Travel_Rarely,266,Sales,2,Below College,Marketing,Low,Female,57,Low,5,Manager,Very High,Married,19845,25846,1,No,15,Excellent,4,1,33,3,Better,32,14,6,9
1043,39,No,Travel_Frequently,945,Research & Development,22,Bachelor,Medical,Very High,Female,82,High,3,Manufacturing Director,Low,Single,10880,5083,1,Yes,13,Excellent,3,0,21,2,Better,21,6,2,8
1045,45,No,Travel_Rarely,1234,Sales,11,College,Life Sciences,Very High,Female,90,High,4,Manager,Very High,Married,17650,5404,3,No,13,Excellent,2,1,26,4,Best,9,3,1,1
1048,59,No,Travel_Rarely,1089,Sales,1,College,Technical Degree,Medium,Male,66,High,3,Manager,Very High,Married,11904,11038,3,Yes,14,Excellent,3,1,14,1,Bad,6,4,0,4
1061,50,No,Travel_Rarely,1464,Research & Development,2,Master,Medical,Medium,Male,62,High,5,Research Director,High,Married,19237,12853,2,Yes,11,Excellent,4,1,29,2,Good,8,1,7,7
1069,46,No,Travel_Rarely,430,Research & Development,1,Master,Medical,Very High,Male,40,High,5,Research Director,Very High,Divorced,19627,21445,9,No,17,Excellent,4,2,23,0,Better,2,2,2,2
1073,36,No,Travel_Rarely,796,Research & Development,12,Doctor,Medical,Very High,Female,51,Medium,3,Manufacturing Director,Very High,Single,8858,15669,0,No,11,Excellent,2,0,15,2,Good,14,8,7,8
1074,55,No,Non-Travel,444,Research & Development,2,Below College,Medical,High,Male,40,Medium,4,Manager,Low,Single,16756,17323,7,No,15,Excellent,2,0,31,3,Best,9,7,6,2
1084,30,No,Travel_Rarely,1176,Research & Development,20,Bachelor,Other,High,Male,85,High,2,Manufacturing Director,Low,Married,9957,9096,0,No,15,Excellent,3,1,7,1,Good,6,2,0,2
1096,55,No,Travel_Frequently,1091,Research & Development,2,Below College,Life Sciences,Very High,Male,65,High,3,Manufacturing Director,Medium,Married,10976,15813,3,No,18,Excellent,2,1,23,4,Better,3,2,1,2
1109,42,No,Travel_Rarely,469,Research & Development,2,College,Medical,Very High,Male,35,High,4,Manager,Low,Married,17665,14399,0,No,17,Excellent,4,1,23,3,Better,22,6,13,7
1116,48,No,Non-Travel,1262,Research & Development,1,Master,Medical,Low,Male,35,Very High,4,Manager,Very High,Single,16885,16154,2,No,22,Outstanding,3,0,27,3,Good,5,4,2,1
1121,28,No,Travel_Rarely,950,Research & Development,3,Bachelor,Medical,Very High,Female,93,High,3,Manufacturing Director,Medium,Divorced,7655,8039,0,No,17,Excellent,2,3,10,3,Good,9,7,1,7
1124,46,No,Travel_Rarely,406,Sales,3,Below College,Marketing,Low,Male,52,High,4,Manager,High,Married,17465,15596,3,No,12,Excellent,4,1,23,3,Better,12,9,4,9
1126,43,No,Travel_Frequently,1082,Research & Development,27,Bachelor,Life Sciences,High,Female,83,High,3,Manufacturing Director,Low,Married,10820,11535,8,No,11,Excellent,3,1,18,1,Better,8,7,0,1
1128,40,No,Travel_Rarely,1308,Research & Development,14,Bachelor,Medical,High,Male,44,Medium,5,Research Director,High,Single,19626,17544,1,No,14,Excellent,1,0,21,2,Best,20,7,4,9
1140,34,No,Travel_Frequently,1003,Research & Development,2,College,Life Sciences,Very High,Male,95,High,2,Manufacturing Director,High,Single,4033,15834,2,No,11,Excellent,4,0,5,3,Good,3,2,0,2
1150,29,No,Travel_Rarely,718,Research & Development,8,Below College,Medical,Medium,Male,79,Medium,2,Manufacturing Director,Very High,Married,5056,17689,1,Yes,15,Excellent,3,1,10,2,Good,10,7,1,2
1166,40,No,Travel_Frequently,593,Research & Development,9,Master,Medical,Medium,Female,88,High,3,Research Director,High,Single,13499,13782,9,No,17,Excellent,3,0,20,3,Good,18,7,2,13
1182,35,No,Travel_Rarely,819,Research & Development,2,Bachelor,Life Sciences,High,Male,44,Medium,3,Manufacturing Director,Medium,Divorced,10274,19588,2,No,18,Excellent,2,1,15,2,Best,7,7,6,4
1191,56,No,Travel_Rarely,718,Research & Development,4,Master,Technical Degree,Very High,Female,92,High,5,Manager,Low,Divorced,19943,18575,4,No,13,Excellent,4,1,28,2,Better,5,2,4,2
1196,37,No,Travel_Rarely,977,Research & Development,1,Bachelor,Life Sciences,Very High,Female,56,Medium,2,Manufacturing Director,Very High,Married,6474,9961,1,No,13,Excellent,2,1,14,2,Good,14,8,3,11
1201,53,No,Travel_Rarely,1223,Research & Development,7,College,Medical,Very High,Female,50,High,5,Manager,High,Divorced,18606,18640,3,No,18,Excellent,2,1,26,6,Better,7,7,4,7
1204,46,No,Travel_Rarely,1402,Sales,2,Bachelor,Marketing,High,Female,69,High,4,Manager,Low,Married,17048,24097,8,No,23,Outstanding,1,0,28,2,Better,26,15,15,9
1215,50,No,Travel_Frequently,1421,Research & Development,2,Bachelor,Medical,Very High,Female,30,High,4,Manager,Low,Married,17856,9490,2,No,22,Outstanding,3,1,32,3,Better,2,2,2,2
1217,46,No,Travel_Rarely,1450,Research & Development,15,College,Life Sciences,Very High,Male,52,High,5,Research Director,Medium,Married,19081,10849,5,No,11,Excellent,1,1,25,2,Better,4,2,0,3
1228,46,No,Travel_Rarely,150,Research & Development,2,Master,Technical Degree,Very High,Male,60,High,2,Manufacturing Director,Very High,Divorced,7379,17433,2,No,11,Excellent,3,1,12,3,Good,6,3,1,4
1237,36,No,Travel_Rarely,363,Research & Development,1,Bachelor,Technical Degree,High,Female,77,Low,3,Manufacturing Director,Low,Divorced,10252,4235,2,Yes,21,Outstanding,3,1,17,2,Better,7,7,7,7
1242,42,No,Travel_Frequently,458,Research & Development,26,Doctor,Medical,Low,Female,60,High,3,Research Director,Low,Married,13191,23281,3,Yes,17,Excellent,3,0,20,6,Better,1,0,0,0
1245,54,No,Travel_Frequently,966,Research & Development,1,Master,Life Sciences,Very High,Female,53,High,3,Manufacturing Director,High,Divorced,10502,9659,7,No,17,Excellent,1,1,33,2,Bad,5,4,1,4
1250,54,No,Travel_Rarely,685,Research & Development,3,Bachelor,Life Sciences,Very High,Male,85,High,4,Research Director,Very High,Married,17779,23474,3,No,14,Excellent,1,0,36,2,Better,10,9,0,9
1255,43,No,Travel_Rarely,920,Research & Development,3,Bachelor,Life Sciences,High,Male,96,Low,5,Research Director,Very High,Married,19740,18625,3,No,14,Excellent,2,1,25,2,Better,8,7,0,7
1256,49,No,Travel_Rarely,1098,Research & Development,4,College,Medical,Low,Male,85,Medium,5,Manager,High,Married,18711,12124,2,No,13,Excellent,3,1,23,2,Best,1,0,0,0
1263,48,No,Travel_Rarely,715,Research & Development,1,Bachelor,Life Sciences,Very High,Male,76,Medium,5,Research Director,Very High,Single,18265,8733,6,No,12,Excellent,3,0,25,3,Best,1,0,0,0
1264,29,No,Travel_Rarely,694,Research & Development,1,Bachelor,Life Sciences,Very High,Female,87,Medium,4,Research Director,Very High,Divorced,16124,3423,3,No,14,Excellent,2,2,9,2,Good,7,7,1,7
1267,44,No,Travel_Rarely,1099,Sales,5,Bachelor,Marketing,Medium,Male,88,High,5,Manager,Medium,Married,18213,8751,7,No,11,Excellent,3,1,26,5,Better,22,9,3,10
1277,45,Yes,Travel_Rarely,1449,Sales,2,Bachelor,Marketing,Low,Female,94,Low,5,Manager,Medium,Single,18824,2493,2,Yes,16,Excellent,1,0,26,2,Better,24,10,1,11
1280,46,No,Travel_Rarely,168,Sales,4,College,Marketing,Very High,Female,33,Medium,5,Manager,Medium,Married,18789,9946,2,No,14,Excellent,3,1,26,2,Better,11,4,0,8
1282,51,No,Travel_Frequently,237,Sales,9,Bachelor,Life Sciences,Very High,Male,83,High,5,Manager,Medium,Divorced,19847,19196,4,Yes,24,Outstanding,1,1,31,5,Good,29,10,11,10
1283,59,No,Travel_Rarely,1429,Research & Development,18,Master,Medical,Very High,Male,67,High,3,Manufacturing Director,Very High,Single,10512,20002,6,No,12,Excellent,4,0,25,6,Good,9,7,5,4
1288,44,No,Travel_Rarely,1199,Research & Development,4,College,Life Sciences,High,Male,92,Very High,5,Manager,Low,Divorced,19190,17477,1,No,14,Excellent,4,2,26,4,Good,25,9,14,13
1294,36,No,Travel_Rarely,429,Research & Development,2,Master,Life Sciences,High,Female,53,High,2,Manufacturing Director,Medium,Single,5410,2323,9,Yes,11,Excellent,4,0,18,2,Better,16,14,5,12
1298,30,No,Non-Travel,879,Research & Development,9,College,Medical,High,Female,72,High,2,Manufacturing Director,High,Single,4695,12858,7,Yes,18,Excellent,3,0,10,3,Better,8,4,1,7
1306,45,No,Travel_Frequently,364,Research & Development,25,Bachelor,Medical,Medium,Female,83,High,5,Manager,Medium,Single,18061,13035,3,No,22,Outstanding,3,0,22,4,Better,0,0,0,0
1307,39,No,Travel_Rarely,412,Research & Development,13,Master,Medical,High,Female,94,Medium,4,Manager,Medium,Divorced,17123,17334,6,Yes,13,Excellent,4,2,21,4,Better,19,9,15,2
1317,50,No,Travel_Rarely,1322,Research & Development,28,Bachelor,Life Sciences,Very High,Female,43,High,4,Research Director,Low,Married,16880,22422,4,Yes,11,Excellent,2,0,25,2,Better,3,2,1,2
1321,30,No,Travel_Rarely,634,Research & Development,17,Master,Medical,Medium,Female,95,High,3,Manager,Low,Married,11916,25927,1,Yes,23,Outstanding,4,2,9,2,Better,9,1,0,8
1322,39,No,Travel_Rarely,524,Research & Development,18,College,Life Sciences,Low,Male,32,High,2,Manufacturing Director,High,Single,4534,13352,0,No,11,Excellent,1,0,9,6,Better,8,7,1,7
1334,42,No,Non-Travel,495,Research & Development,2,Below College,Life Sciences,High,Male,37,High,4,Manager,High,Married,17861,26582,0,Yes,13,Excellent,4,0,21,3,Good,20,8,2,10
1336,55,No,Travel_Rarely,282,Research & Development,2,College,Medical,Very High,Female,58,Low,5,Manager,High,Married,19187,6992,4,No,14,Excellent,4,1,23,5,Better,19,9,9,11
1338,56,No,Travel_Rarely,206,Human Resources,8,Master,Life Sciences,Very High,Male,99,High,5,Manager,Medium,Single,19717,4022,6,No,14,Excellent,1,0,36,4,Better,7,3,7,7
1352,51,No,Travel_Rarely,770,Human Resources,5,Bachelor,Life Sciences,High,Male,84,High,4,Manager,Medium,Divorced,14026,17588,1,Yes,11,Excellent,2,1,33,2,Better,33,9,0,10
1360,58,Yes,Travel_Rarely,601,Research & Development,7,Master,Medical,High,Female,53,Medium,3,Manufacturing Director,Low,Married,10008,12023,7,Yes,14,Excellent,4,0,31,0,Good,10,9,5,9
1363,48,No,Travel_Rarely,855,Research & Development,4,Bachelor,Life Sciences,Very High,Male,54,High,3,Manufacturing Director,Very High,Single,7898,18706,1,No,11,Excellent,3,0,11,2,Better,10,9,0,8
1367,51,No,Travel_Rarely,1405,Research & Development,11,College,Technical Degree,Very High,Female,82,Medium,4,Manufacturing Director,Medium,Single,13142,24439,3,No,16,Excellent,2,0,29,1,Good,5,2,0,3
1373,56,No,Travel_Rarely,1369,Research & Development,23,Bachelor,Life Sciences,Very High,Male,68,High,4,Manufacturing Director,Medium,Married,13402,18235,4,Yes,12,Excellent,1,1,33,0,Better,19,16,15,9
1389,31,Yes,Travel_Rarely,330,Research & Development,22,Master,Medical,Very High,Male,98,High,2,Manufacturing Director,High,Married,6179,21057,1,Yes,15,Excellent,4,2,10,3,Good,10,2,6,7
1401,52,No,Travel_Frequently,322,Research & Development,28,College,Medical,Very High,Female,59,Very High,4,Manufacturing Director,High,Married,13247,9731,2,Yes,11,Excellent,2,1,24,3,Good,5,3,0,2
1408,42,No,Travel_Rarely,1147,Human Resources,10,Bachelor,Human Resources,High,Female,31,High,4,Manager,Low,Married,16799,16616,0,No,14,Excellent,3,1,21,5,Better,20,7,0,9
1412,35,No,Travel_Frequently,200,Research & Development,18,College,Life Sciences,High,Male,60,High,3,Manufacturing Director,Very High,Single,9362,19944,2,No,11,Excellent,3,0,10,2,Better,2,2,2,2
1422,54,No,Travel_Rarely,971,Research & Development,1,Bachelor,Medical,Very High,Female,54,High,4,Research Director,Very High,Single,17328,5652,6,No,19,Excellent,4,0,29,3,Good,20,7,12,7
1423,58,No,Travel_Rarely,1055,Research & Development,1,Bachelor,Medical,Very High,Female,76,High,5,Research Director,Low,Married,19701,22456,3,Yes,21,Outstanding,3,1,32,3,Better,9,8,1,5
1424,55,No,Travel_Rarely,1136,Research & Development,1,Master,Medical,Medium,Male,81,Very High,4,Research Director,Very High,Divorced,14732,12414,2,No,13,Excellent,4,2,31,4,Best,7,7,0,0
1430,31,No,Travel_Rarely,182,Research & Development,8,Doctor,Life Sciences,Low,Female,93,High,4,Research Director,Medium,Single,16422,8847,3,No,11,Excellent,3,0,9,3,Best,3,2,1,0
1443,47,No,Travel_Rarely,359,Research & Development,2,Master,Medical,Low,Female,82,High,4,Research Director,High,Married,17169,26703,3,No,19,Excellent,2,2,26,2,Best,20,17,5,6
1459,31,Yes,Travel_Frequently,1445,Research & Development,1,Doctor,Life Sciences,High,Female,100,Very High,3,Manufacturing Director,Medium,Single,7446,8931,1,No,11,Excellent,1,0,10,2,Better,10,8,4,7
1465,45,No,Travel_Rarely,1448,Research & Development,29,Bachelor,Technical Degree,Medium,Male,55,High,3,Manufacturing Director,Very High,Married,9380,14720,4,Yes,18,Excellent,4,2,10,4,Best,3,1,1,2
1468,40,No,Non-Travel,218,Research & Development,8,Below College,Medical,Very High,Male,55,Medium,3,Research Director,Medium,Divorced,13757,25178,2,No,11,Excellent,3,1,16,5,Better,9,8,4,8
1472,53,No,Travel_Rarely,447,Research & Development,2,Bachelor,Medical,Very High,Male,39,Very High,4,Research Director,Medium,Single,16598,19764,4,No,12,Excellent,2,0,35,2,Good,9,8,8,8
1485,34,No,Travel_Frequently,829,Research & Development,15,Bachelor,Medical,Medium,Male,71,High,4,Research Director,Low,Divorced,17007,11929,7,No,14,Excellent,4,2,16,3,Good,14,8,6,9
1496,44,No,Travel_Frequently,1193,Research & Development,2,Below College,Medical,Medium,Male,86,High,3,Manufacturing Director,High,Single,10209,19719,5,Yes,18,Excellent,2,0,16,2,Good,2,2,2,2
1514,28,No,Travel_Rarely,1083,Research & Development,29,Below College,Life Sciences,High,Male,96,Low,2,Manufacturing Director,Medium,Married,6549,3173,1,No,14,Excellent,2,2,8,2,Good,8,6,1,7
1516,32,No,Travel_Rarely,495,Research & Development,10,Bachelor,Medical,High,Male,64,High,3,Manager,Very High,Single,11244,21072,2,No,25,Outstanding,2,0,10,5,Best,5,2,0,0
1520,54,No,Travel_Frequently,1050,Research & Development,11,Master,Medical,Medium,Female,87,High,4,Manager,Very High,Divorced,16032,24456,3,No,20,Outstanding,1,1,26,2,Better,14,9,1,12
1523,44,No,Travel_Rarely,136,Research & Development,28,Bachelor,Life Sciences,Very High,Male,32,High,4,Research Director,Low,Married,16328,22074,3,No,13,Excellent,3,1,24,1,Best,20,6,14,17
1525,39,No,Travel_Rarely,1089,Research & Development,6,Bachelor,Life Sciences,Medium,Female,32,High,3,Manufacturing Director,Medium,Single,8376,9150,4,No,18,Excellent,4,0,9,3,Better,2,0,2,2
1527,46,No,Travel_Rarely,228,Sales,3,Bachelor,Life Sciences,High,Female,51,High,4,Manager,Medium,Married,16606,11380,8,No,12,Excellent,4,1,23,2,Best,13,12,5,1
1539,50,No,Travel_Frequently,333,Research & Development,22,Doctor,Medical,High,Male,88,Low,4,Research Director,Very High,Single,14411,24450,1,Yes,13,Excellent,4,0,32,2,Better,32,6,13,9
1545,33,No,Travel_Rarely,575,Research & Development,25,Bachelor,Life Sciences,Very High,Male,44,Medium,2,Manufacturing Director,Medium,Single,4320,24152,1,No,13,Excellent,4,0,5,2,Better,5,3,0,2
1550,40,No,Travel_Rarely,898,Human Resources,6,College,Medical,High,Male,38,High,4,Manager,Very High,Single,16437,17381,1,Yes,21,Outstanding,4,0,21,2,Better,21,7,7,7
1572,53,Yes,Travel_Rarely,607,Research & Development,2,Doctor,Technical Degree,High,Female,78,Medium,3,Manufacturing Director,Very High,Married,10169,14618,0,No,16,Excellent,2,1,34,4,Better,33,7,1,9
1573,38,Yes,Travel_Rarely,903,Research & Development,2,Bachelor,Medical,High,Male,81,High,2,Manufacturing Director,Medium,Married,4855,7653,4,No,11,Excellent,1,2,7,2,Better,5,2,1,4
1578,55,No,Travel_Rarely,685,Sales,26,Doctor,Marketing,High,Male,60,Medium,5,Manager,Very High,Married,19586,23037,1,No,21,Outstanding,3,1,36,3,Better,36,6,2,13
1591,50,No,Travel_Rarely,264,Sales,9,Bachelor,Marketing,High,Male,59,High,5,Manager,High,Married,19331,19519,4,Yes,16,Excellent,3,1,27,2,Better,1,0,0,0
1595,42,No,Travel_Rarely,1059,Research & Development,9,College,Other,Very High,Male,93,Medium,5,Manager,Very High,Single,19613,26362,8,No,22,Outstanding,4,0,24,2,Better,1,0,0,1
1602,46,No,Travel_Rarely,563,Sales,1,Master,Life Sciences,Very High,Male,56,Very High,4,Manager,Low,Single,17567,3156,1,No,15,Excellent,2,0,27,5,Bad,26,0,0,12
1608,44,No,Travel_Rarely,1313,Research & Development,7,Bachelor,Medical,Medium,Female,31,High,5,Research Director,Very High,Divorced,19049,3549,0,Yes,14,Excellent,4,1,23,4,Good,22,7,1,10
1614,36,No,Travel_Rarely,559,Research & Development,12,Master,Life Sciences,High,Female,76,High,2,Manufacturing Director,High,Married,4663,12421,9,Yes,12,Excellent,2,2,7,2,Better,3,2,1,1
1615,34,No,Travel_Frequently,426,Research & Development,10,Master,Life Sciences,High,Male,42,Very High,2,Manufacturing Director,Very High,Divorced,4724,17000,1,No,13,Excellent,1,1,9,3,Better,9,7,7,2
1618,39,No,Travel_Rarely,1387,Research & Development,10,Doctor,Medical,Medium,Male,76,High,2,Manufacturing Director,Low,Married,5377,3835,2,No,13,Excellent,4,3,10,3,Better,7,7,7,7
1622,28,No,Travel_Rarely,580,Research & Development,27,Bachelor,Medical,Medium,Female,39,Low,2,Manufacturing Director,Low,Divorced,4877,20460,0,No,21,Outstanding,2,1,6,5,Good,5,3,0,0
1625,47,No,Travel_Rarely,1176,Human Resources,26,Master,Life Sciences,Very High,Female,98,High,5,Manager,High,Married,19658,5220,3,No,11,Excellent,3,1,27,2,Better,5,2,1,0
1628,40,No,Travel_Rarely,884,Research & Development,15,Bachelor,Life Sciences,Low,Female,80,Medium,3,Manufacturing Director,High,Married,10435,25800,1,No,13,Excellent,4,2,18,2,Better,18,15,14,12
1631,37,No,Travel_Rarely,671,Research & Development,19,Bachelor,Life Sciences,High,Male,85,High,2,Manufacturing Director,High,Married,5768,26493,3,No,17,Excellent,1,3,9,2,Good,4,3,0,2
1633,39,No,Travel_Frequently,711,Research & Development,4,Bachelor,Medical,Low,Female,81,High,2,Manufacturing Director,High,Single,5042,3140,0,No,13,Excellent,4,0,10,2,Bad,9,2,3,8
1635,45,No,Travel_Rarely,1329,Research & Development,2,College,Other,Very High,Female,59,Medium,2,Manufacturing Director,Very High,Divorced,5770,5388,1,No,19,Excellent,1,2,10,3,Better,10,7,3,9
1638,38,No,Travel_Rarely,397,Research & Development,2,College,Medical,Very High,Female,54,Medium,3,Manufacturing Director,High,Married,7756,14199,3,Yes,19,Excellent,4,1,10,6,Best,5,4,0,2
1641,40,No,Travel_Rarely,448,Research & Development,16,Bachelor,Life Sciences,High,Female,84,High,3,Manufacturing Director,Very High,Single,7945,19948,6,Yes,15,Excellent,4,0,18,2,Good,4,2,3,3
1644,48,No,Travel_Frequently,365,Research & Development,4,Doctor,Medical,High,Male,89,Medium,4,Manager,Very High,Married,15202,5602,2,No,25,Outstanding,2,1,23,3,Better,2,2,2,2
1653,25,No,Travel_Frequently,772,Research & Development,2,Below College,Life Sciences,Very High,Male,77,Very High,2,Manufacturing Director,High,Divorced,5206,4973,1,No,17,Excellent,3,2,7,6,Better,7,7,0,7
1654,39,No,Travel_Rarely,492,Research & Development,12,Bachelor,Medical,Very High,Male,66,High,2,Manufacturing Director,Medium,Married,5295,7693,4,No,21,Outstanding,3,0,7,3,Better,5,4,1,0
1655,49,No,Travel_Rarely,301,Research & Development,22,Master,Other,Low,Female,72,High,4,Research Director,Medium,Married,16413,3498,3,No,16,Excellent,2,2,27,2,Better,4,2,1,2
1656,50,No,Travel_Rarely,813,Research & Development,17,Doctor,Life Sciences,Very High,Female,50,Medium,3,Research Director,Low,Divorced,13269,21981,5,No,15,Excellent,3,3,19,3,Better,14,11,1,11
1662,36,No,Non-Travel,894,Research & Development,1,Master,Medical,Very High,Female,33,Medium,2,Manufacturing Director,High,Married,4374,15411,0,No,15,Excellent,3,0,4,6,Better,3,2,1,2
1665,54,No,Travel_Rarely,584,Research & Development,22,Doctor,Medical,Medium,Female,91,High,4,Manager,High,Married,17426,18685,3,No,25,Outstanding,3,1,36,6,Better,10,8,4,7
1666,43,No,Travel_Rarely,1291,Research & Development,15,College,Life Sciences,High,Male,65,Medium,4,Research Director,High,Married,17603,3525,1,No,24,Outstanding,1,1,14,3,Better,14,10,6,11
1676,47,No,Travel_Rarely,1225,Sales,2,Master,Life Sciences,Medium,Female,47,Very High,4,Manager,Medium,Divorced,15972,21086,6,No,14,Excellent,3,3,29,2,Better,3,2,1,2
1677,49,No,Travel_Rarely,809,Research & Development,1,Bachelor,Life Sciences,High,Male,36,High,4,Manager,High,Single,15379,22384,4,No,14,Excellent,1,0,23,2,Better,8,7,0,0
1719,45,No,Travel_Rarely,1005,Research & Development,28,College,Technical Degree,Very High,Female,48,Medium,4,Research Director,Medium,Single,16704,17119,1,No,11,Excellent,3,0,21,2,Better,21,6,8,6
1724,40,No,Travel_Rarely,369,Research & Development,8,College,Life Sciences,Medium,Female,92,High,2,Manufacturing Director,Low,Married,6516,5041,2,Yes,16,Excellent,2,1,18,3,Better,1,0,0,0
1728,35,No,Travel_Rarely,1370,Research & Development,27,Master,Life Sciences,Very High,Male,49,High,2,Manufacturing Director,High,Married,6883,5151,2,No,16,Excellent,2,1,17,3,Better,7,7,0,7
1736,31,No,Travel_Frequently,163,Research & Development,24,Below College,Technical Degree,Very High,Female,30,High,2,Manufacturing Director,Very High,Single,5238,6670,2,No,20,Outstanding,4,0,9,3,Good,5,4,1,4
1740,40,No,Travel_Rarely,611,Sales,7,Master,Medical,Medium,Male,88,High,5,Manager,Medium,Single,19833,4349,1,No,14,Excellent,2,0,21,3,Good,21,8,12,8
1770,55,No,Travel_Rarely,478,Research & Development,2,Bachelor,Medical,High,Male,60,Medium,5,Research Director,Low,Married,19038,19805,8,No,12,Excellent,2,3,34,2,Better,1,0,0,0
1775,53,No,Non-Travel,661,Research & Development,1,Master,Medical,Low,Female,60,Medium,4,Manufacturing Director,High,Married,12965,22308,4,Yes,20,Outstanding,4,3,27,2,Good,3,2,0,2
1786,51,No,Travel_Rarely,942,Research & Development,3,Bachelor,Technical Degree,Low,Female,53,High,3,Manager,High,Married,13116,22984,2,No,11,Excellent,4,0,15,2,Better,2,2,2,2
1789,46,No,Travel_Rarely,734,Research & Development,2,Master,Medical,High,Male,46,High,5,Research Director,Very High,Divorced,19328,14218,7,Yes,17,Excellent,3,1,24,3,Better,2,1,2,2
1800,39,No,Travel_Rarely,1253,Research & Development,10,Below College,Medical,High,Male,65,High,3,Research Director,High,Single,13464,7914,7,No,21,Outstanding,3,0,9,3,Better,4,3,2,2
1804,35,No,Non-Travel,1180,Research & Development,2,College,Medical,Medium,Male,90,High,2,Manufacturing Director,Very High,Divorced,5762,24442,2,No,14,Excellent,3,1,15,6,Better,7,7,1,7
1809,37,Yes,Travel_Rarely,370,Research & Development,10,Master,Medical,Very High,Male,58,High,2,Manufacturing Director,Low,Single,4213,4992,1,No,15,Excellent,2,0,10,4,Bad,10,3,0,8
1816,30,No,Travel_Rarely,1092,Research & Development,10,Bachelor,Medical,Low,Female,64,High,3,Manufacturing Director,High,Single,9667,2739,9,No,14,Excellent,2,0,9,3,Better,7,7,0,2
1824,58,No,Non-Travel,350,Sales,2,Bachelor,Medical,Medium,Male,52,High,4,Manager,Medium,Divorced,16291,22577,4,No,22,Outstanding,4,1,37,0,Good,16,9,14,14
1827,47,No,Travel_Rarely,1001,Research & Development,4,Bachelor,Life Sciences,High,Female,92,Medium,3,Manufacturing Director,Medium,Divorced,10333,19271,8,Yes,12,Excellent,3,1,28,4,Better,22,11,14,10
1837,58,No,Travel_Frequently,1216,Research & Development,15,Master,Life Sciences,Low,Male,87,High,4,Research Director,High,Married,15787,21624,2,Yes,14,Excellent,2,0,23,3,Better,2,2,2,2
1857,46,No,Travel_Rarely,706,Research & Development,2,College,Life Sciences,Very High,Male,82,High,3,Manufacturing Director,Very High,Divorced,8578,19989,3,No,14,Excellent,3,1,12,4,Good,9,8,4,7
1866,43,No,Travel_Rarely,823,Research & Development,6,Bachelor,Medical,Low,Female,81,Medium,5,Manager,High,Married,19392,22539,7,No,13,Excellent,4,0,21,2,Better,16,12,6,14
1867,48,No,Travel_Rarely,1224,Research & Development,10,Bachelor,Life Sciences,Very High,Male,91,Medium,5,Research Director,Medium,Married,19665,13583,4,No,12,Excellent,4,0,29,3,Better,22,10,12,9
1886,35,No,Travel_Rarely,219,Research & Development,16,College,Other,Very High,Female,44,Medium,2,Manufacturing Director,Medium,Married,4788,25388,0,Yes,11,Excellent,4,0,4,2,Better,3,2,0,2
1888,45,No,Travel_Rarely,556,Research & Development,25,College,Life Sciences,Medium,Female,93,Medium,2,Manufacturing Director,Very High,Married,5906,23888,0,No,13,Excellent,4,2,10,2,Good,9,8,3,8
1892,40,No,Travel_Rarely,1137,Research & Development,1,Master,Life Sciences,Low,Male,98,High,4,Manager,Low,Divorced,16823,18991,2,No,11,Excellent,1,1,22,3,Better,19,7,11,16
1900,48,No,Travel_Frequently,117,Research & Development,22,Bachelor,Medical,Very High,Female,58,High,4,Manager,Very High,Divorced,17174,2437,3,No,11,Excellent,2,1,24,3,Better,22,17,4,7
1911,42,No,Travel_Rarely,1396,Research & Development,6,Bachelor,Medical,High,Male,83,High,3,Research Director,Low,Married,13348,14842,9,No,13,Excellent,2,1,18,3,Best,13,7,5,7
1936,39,No,Travel_Rarely,867,Research & Development,9,College,Medical,Low,Male,87,High,2,Manufacturing Director,Low,Married,5151,12315,1,No,25,Outstanding,4,1,10,3,Better,10,0,7,9
1938,58,No,Travel_Rarely,605,Sales,21,Bachelor,Life Sciences,Very High,Female,72,High,4,Manager,Very High,Married,17875,11761,4,Yes,13,Excellent,3,1,29,2,Good,1,0,0,0
1941,49,No,Travel_Frequently,1064,Research & Development,2,Below College,Life Sciences,Medium,Male,42,High,5,Research Director,Very High,Married,19161,13738,3,No,15,Excellent,4,0,28,3,Better,5,4,4,3
1966,32,No,Travel_Rarely,1373,Research & Development,5,Master,Life Sciences,Very High,Male,56,Medium,2,Manufacturing Director,Very High,Single,9679,10138,8,No,24,Outstanding,2,0,8,1,Better,1,0,0,0
1973,55,No,Travel_Rarely,189,Human Resources,26,Master,Human Resources,High,Male,71,Very High,5,Manager,Medium,Married,19636,25811,4,Yes,18,Excellent,1,1,35,0,Better,10,9,1,4
1979,31,No,Non-Travel,697,Research & Development,10,Bachelor,Medical,High,Female,40,High,3,Research Director,High,Married,11031,26862,4,No,20,Outstanding,3,1,13,2,Best,11,7,4,8
1980,54,No,Travel_Rarely,157,Research & Development,10,Bachelor,Medical,High,Female,77,High,2,Manufacturing Director,Low,Single,4440,25198,6,Yes,19,Excellent,4,0,9,3,Better,5,2,1,4
1997,38,No,Travel_Frequently,508,Research & Development,6,Master,Life Sciences,Low,Male,72,Medium,2,Manufacturing Director,High,Married,5321,14284,2,No,11,Excellent,4,1,10,1,Better,8,3,7,7
2000,47,No,Non-Travel,1162,Research & Development,1,Below College,Medical,High,Female,98,High,3,Research Director,Medium,Married,11957,17231,0,No,18,Excellent,1,2,14,3,Bad,13,8,5,12
2015,38,No,Travel_Rarely,201,Research & Development,10,Bachelor,Medical,Medium,Female,99,Low,3,Research Director,High,Married,13206,3376,3,No,12,Excellent,1,1,20,3,Better,18,16,1,11
2017,37,No,Travel_Rarely,161,Research & Development,10,Bachelor,Life Sciences,High,Female,42,Very High,3,Research Director,Very High,Married,13744,15471,1,Yes,25,Outstanding,1,1,16,2,Better,16,11,6,8
2022,39,No,Non-Travel,105,Research & Development,9,Bachelor,Life Sciences,Very High,Male,87,High,5,Manager,Very High,Single,19431,15302,2,No,13,Excellent,3,0,21,3,Good,6,0,1,3
2025,36,No,Travel_Frequently,688,Research & Development,4,College,Life Sciences,Very High,Female,97,High,2,Manufacturing Director,Medium,Divorced,5131,9192,7,No,13,Excellent,2,3,18,3,Better,4,2,0,2
2031,42,No,Travel_Rarely,300,Research & Development,2,Bachelor,Life Sciences,Low,Male,56,High,5,Manager,High,Married,18880,17312,5,No,11,Excellent,1,0,24,2,Good,22,6,4,14
2034,41,No,Travel_Rarely,582,Research & Development,28,Master,Life Sciences,Low,Female,60,Medium,4,Manufacturing Director,Medium,Married,13570,5640,0,No,23,Outstanding,3,1,21,3,Better,20,7,0,10
2057,31,No,Non-Travel,325,Research & Development,5,Bachelor,Medical,Medium,Male,74,High,2,Manufacturing Director,Low,Single,9936,3787,0,No,19,Excellent,2,0,10,2,Better,9,4,1,7
2064,27,No,Travel_Rarely,155,Research & Development,4,Bachelor,Life Sciences,Medium,Male,87,Very High,2,Manufacturing Director,Medium,Married,6142,5174,1,Yes,20,Outstanding,2,1,6,0,Better,6,2,0,3
